grid_zone_8_3,rain_binned,grid_zone_2_3,wind,DMC,grid_zone_5_6,grid_zone_5_5,grid_zone_4_6,grid_zone_3_6,grid_zone_8_8,grid_zone_7_5,RH,grid_zone_7_3,grid_zone_7_6,temp,grid_zone_1_5,grid_zone_6_6,log_transformed_ISI,grid_zone_6_4,grid_zone_1_3,grid_zone_8_5,log_transformed_FFMC,grid_zone_9_9,grid_zone_1_4,grid_zone_3_3,grid_zone_9_4,grid_zone_3_5,area
0.0,0,0.0,1.2272727272727273,-1.1429565217391304,0.0,0.0,0.0,0.0,0.0,1.0,0.45,0.0,0.0,-1.5363321799307958,0.0,0.0,-0.9385070456442334,0.0,0.0,0.0,-2.04912464421602,0.0,0.0,0.0,0.0,0.0,0
0.0,0,0.0,-1.409090909090909,-1.0149565217391303,0.0,0.0,0.0,0.0,0.0,0.0,-0.45,0.0,0.0,-0.17993079584775093,0.0,0.0,-0.4329627972343231,0.0,0.0,0.0,-0.3718588522664566,0.0,0.0,0.0,0.0,0.0,0
0.0,0,0.0,-1.2272727272727273,-0.8994782608695651,0.0,0.0,0.0,0.0,0.0,0.0,-0.45,0.0,0.0,-0.6505190311418685,0.0,0.0,-0.4329627972343231,0.0,0.0,0.0,-0.3718588522664566,0.0,0.0,0.0,0.0,0.0,0
0.0,1,0.0,0.0,-1.0441739130434782,0.0,0.0,0.0,0.0,0.0,0.0,2.75,0.0,0.0,-1.5224913494809686,0.0,0.0,0.1342916124342567,0.0,0.0,0.0,0.037001961312592244,0.0,0.0,0.0,0.0,0.0,0
0.0,0,0.0,-1.0,-0.7937391304347826,0.0,0.0,0.0,0.0,0.0,0.0,2.85,0.0,0.0,-1.093425605536332,0.0,0.0,0.2607558479227891,0.0,0.0,0.0,-0.8603477981318944,0.0,0.0,0.0,0.0,0.0,0
0.0,0,0.0,0.6363636363636365,-0.320695652173913,0.0,0.0,0.0,0.0,0.0,0.0,-0.65,0.0,0.0,0.4013840830449824,0.0,0.0,1.113285988449243,0.0,0.0,0.0,0.25831859633489496,0.0,0.0,0.0,0.0,0.0,0
0.0,0,0.0,-0.409090909090909,-0.27060869565217377,0.0,0.0,0.0,0.0,0.0,0.0,-0.75,0.0,0.0,0.6643598615916955,0.0,0.0,0.02296693741875308,0.0,0.0,0.0,0.25831859633489496,0.0,0.0,0.0,0.0,0.0,0
0.0,0,0.0,-0.818181818181818,0.5154782608695654,0.0,0.0,0.0,0.0,0.0,0.0,2.2,0.0,0.0,-1.5640138408304496,0.0,0.0,0.4750455359469926,0.0,0.0,0.0,-0.03703522150701221,0.0,0.0,0.0,0.0,0.0,0
0.0,0,0.0,0.6363636363636365,0.29426086956521746,0.0,0.0,0.0,0.0,0.0,0.0,1.05,0.0,0.0,-0.8581314878892733,0.0,0.0,-0.35000918416049387,0.0,0.0,0.0,-0.22271233228884113,0.0,0.0,0.0,0.0,0.0,0
0.0,0,0.0,0.0,-0.28313043478260863,0.0,0.0,0.0,0.0,0.0,1.0,-0.1,0.0,0.0,0.48442906574394456,0.0,0.0,-0.32304790163369523,0.0,0.0,0.0,0.3318274136077666,0.0,0.0,0.0,0.0,0.0,0
0.0,0,0.0,1.4545454545454546,-0.28313043478260863,0.0,0.0,0.0,0.0,0.0,1.0,0.45,0.0,0.0,-0.2076124567474048,0.0,0.0,-0.32304790163369523,0.0,0.0,0.0,0.3318274136077666,0.0,0.0,0.0,0.0,0.0,0
0.0,0,0.0,0.0,-0.48904347826086947,0.0,0.0,0.0,0.0,0.0,1.0,-0.2,0.0,0.0,0.0,0.0,0.0,1.9978924364600705,0.0,0.0,0.0,0.44184531917102204,0.0,0.0,0.0,0.0,0.0,0
0.0,0,0.0,1.2272727272727273,-0.5224347826086956,0.0,0.0,0.0,0.0,0.0,0.0,1.5,0.0,0.0,-0.3183391003460208,0.0,0.0,-3.587430300805994,0.0,0.0,0.0,-11.98894389564709,0.0,0.0,0.0,0.0,0.0,0
0.0,0,0.0,-0.818181818181818,0.25252173913043485,0.0,0.0,0.0,0.0,0.0,0.0,0.0,0.0,0.0,0.27681660899653976,0.0,0.0,-0.35000918416049387,0.0,0.0,0.0,-0.25994837743724575,0.0,0.0,0.0,0.0,0.0,0
0.0,0,0.0,0.22727272727272727,0.3471304347826089,0.0,0.0,0.0,0.0,0.0,0.0,-1.05,0.0,0.0,0.9826989619377158,0.0,0.0,0.17727035019174733,0.0,0.0,0.0,0.4784527681828713,0.0,0.0,0.0,0.0,0.0,0
0.0,0,0.0,0.6363636363636365,0.4570434782608695,0.0,0.0,0.0,0.0,0.0,0.0,0.1,0.0,0.0,0.4982698961937712,0.0,0.0,0.9997774910128062,0.0,0.0,0.0,0.6245581736004762,0.0,0.0,0.0,0.0,0.0,0
0.0,0,0.0,0.6363636363636365,-1.009391304347826,0.0,1.0,0.0,0.0,0.0,0.0,-0.75,0.0,0.0,-0.5813148788927336,0.0,0.0,-0.14315222714349699,0.0,0.0,0.0,0.037001961312592244,0.0,0.0,0.0,0.0,0.0,0
0.0,0,0.0,0.4090909090909092,-1.0511304347826087,0.0,0.0,0.0,0.0,0.0,0.0,0.25,0.0,0.0,-0.35986159169550186,0.0,0.0,-1.854384863966256,0.0,0.0,1.0,-2.558035489540755,0.0,0.0,0.0,0.0,0.0,0
0.0,0,0.0,0.0,-1.119304347826087,0.0,0.0,0.0,0.0,0.0,0.0,-0.35,0.0,0.0,-0.4705882352941176,0.0,0.0,-0.5487425309462881,1.0,0.0,0.0,-0.898164855538878,0.0,0.0,0.0,0.0,0.0,0
0.0,0,0.0,0.22727272727272727,-1.1262608695652172,0.0,0.0,0.0,0.0,0.0,0.0,0.1,0.0,0.0,-1.3840830449826986,0.0,0.0,-0.9385070456442334,1.0,0.0,0.0,-2.0102367874807388,0.0,0.0,0.0,0.0,0.0,0
0.0,0,0.0,-0.5909090909090908,0.29426086956521746,0.0,0.0,0.0,0.0,0.0,0.0,-0.1,0.0,0.0,-0.13840830449826988,0.0,0.0,-0.35000918416049387,1.0,0.0,0.0,-0.22271233228884113,0.0,0.0,0.0,0.0,0.0,0
0.0,0,0.0,-0.5909090909090908,-0.4153043478260869,0.0,0.0,0.0,0.0,0.0,0.0,-0.2,0.0,0.0,-0.027681660899653876,0.0,0.0,0.17727035019174733,0.0,0.0,0.0,0.07397072211707124,0.0,0.0,0.0,0.0,0.0,0
0.0,0,0.0,0.22727272727272727,-0.16765217391304343,0.0,0.0,0.0,0.0,0.0,0.0,0.1,0.0,0.0,0.23529411764705868,0.0,0.0,3.915525961513874,0.0,0.0,0.0,0.9875709285162285,0.0,0.0,0.0,0.0,0.0,0
0.0,0,0.0,0.818181818181818,0.035478260869565376,0.0,0.0,0.0,0.0,0.0,0.0,0.05,0.0,0.0,0.027681660899653876,0.0,0.0,-0.5786789411944693,0.0,0.0,0.0,-0.5215472318171287,0.0,0.0,0.0,0.0,0.0,0
0.0,0,0.0,0.818181818181818,0.43200000000000016,0.0,0.0,0.0,0.0,0.0,0.0,-0.5,0.0,0.0,0.6089965397923872,0.0,0.0,1.7753449834375983,0.0,0.0,0.0,0.6974170451990832,0.0,0.0,0.0,0.0,0.0,0
0.0,0,0.0,0.6363636363636365,0.4737391304347828,0.0,0.0,0.0,0.0,0.0,0.0,0.9,0.0,0.0,-0.4152249134948096,0.0,0.0,0.4564157620502228,0.0,0.0,0.0,-0.07410376305583988,0.0,0.0,0.0,0.0,0.0,0
0.0,0,0.0,0.818181818181818,0.13286956521739146,0.0,0.0,0.0,0.0,0.0,0.0,-0.4,0.0,0.0,-0.04152249134948106,0.0,0.0,0.7368511325397706,0.0,0.0,0.0,0.29508939855451366,0.0,0.0,0.0,0.0,0.0,0
0.0,0,0.0,-1.2272727272727273,0.25252173913043485,0.0,0.0,0.0,0.0,0.0,0.0,0.3,0.0,0.0,0.013840830449826692,0.0,0.0,-0.35000918416049387,0.0,0.0,0.0,-0.25994837743724575,0.0,0.0,0.0,0.0,0.0,0
0.0,0,0.0,-0.5909090909090908,0.5154782608695654,0.0,0.0,0.0,0.0,0.0,0.0,-0.9,0.0,0.0,1.5086505190311414,0.0,0.0,-0.07039607370460711,0.0,0.0,0.0,0.6610037143690778,0.0,0.0,0.0,0.0,0.0,0
0.0,0,0.0,-0.18181818181818177,0.5697391304347829,0.0,0.0,0.0,0.0,0.0,0.0,-0.15,0.0,0.0,0.48442906574394456,0.0,0.0,-0.07039607370460711,0.0,0.0,0.0,0.6974170451990832,0.0,0.0,0.0,0.0,0.0,0
0.0,0,0.0,-0.18181818181818177,-0.3234782608695652,0.0,0.0,0.0,0.0,0.0,0.0,-0.9,0.0,0.0,0.8442906574394459,0.0,0.0,1.2731389735276806,0.0,0.0,0.0,0.9875709285162285,0.0,0.0,0.0,0.0,0.0,0
0.0,0,0.0,1.636363636363636,-0.23026086956521735,0.0,0.0,0.0,0.0,0.0,0.0,1.8,0.0,0.0,-1.1211072664359862,0.0,0.0,-0.32304790163369523,0.0,0.0,0.0,-1.125799032094307,0.0,0.0,0.0,0.0,0.0,0
0.0,0,0.0,-1.0,-0.5377391304347825,0.0,0.0,0.0,0.0,0.0,0.0,-0.25,0.0,0.0,0.17993079584775093,0.0,0.0,-0.7027330094915202,0.0,0.0,0.0,-1.125799032094307,0.0,0.0,0.0,0.0,0.0,0
0.0,0,0.0,-0.18181818181818177,-0.45565217391304347,0.0,0.0,0.0,0.0,0.0,0.0,-0.15,0.0,0.0,-0.22145328719723198,0.0,0.0,-0.14315222714349699,0.0,0.0,0.0,0.037001961312592244,0.0,0.0,0.0,0.0,0.0,0
0.0,0,0.0,-0.5909090909090908,-0.4153043478260869,0.0,0.0,0.0,0.0,0.0,0.0,-0.5,0.0,0.0,0.26297577854671256,0.0,0.0,0.17727035019174733,0.0,0.0,0.0,0.07397072211707124,0.0,0.0,0.0,0.0,0.0,0
0.0,0,0.0,0.22727272727272727,-0.38469565217391294,0.0,0.0,0.0,0.0,0.0,0.0,1.0,0.0,0.0,-0.15224913494809705,0.0,0.0,-0.5487425309462881,0.0,0.0,0.0,-0.4840741222286541,0.0,0.0,0.0,0.0,0.0,0
0.0,0,0.0,0.22727272727272727,-1.0149565217391303,0.0,0.0,0.0,0.0,0.0,0.0,-0.9,0.0,0.0,0.3321799307958475,0.0,0.0,-0.4329627972343231,0.0,0.0,0.0,-0.3718588522664566,0.0,0.0,0.0,0.0,0.0,0
0.0,0,0.0,0.6363636363636365,-0.930086956521739,0.0,0.0,0.0,0.0,0.0,0.0,0.9,0.0,0.0,-1.107266435986159,0.0,0.0,0.06818430903422358,0.0,0.0,0.0,-0.596595852116016,0.0,0.0,0.0,0.0,0.0,0
0.0,0,0.0,0.0,-0.8994782608695651,0.0,0.0,0.0,0.0,0.0,0.0,-0.75,1.0,0.0,-0.2076124567474048,0.0,0.0,-0.4329627972343231,0.0,0.0,0.0,-0.3718588522664566,0.0,0.0,0.0,0.0,0.0,0
0.0,0,0.0,-0.5909090909090908,-1.1499130434782607,0.0,0.0,0.0,0.0,0.0,0.0,0.05,0.0,0.0,-0.7197231833910035,0.0,0.0,-1.4586823008777374,0.0,0.0,0.0,-1.3164596275397478,0.0,0.0,0.0,0.0,0.0,0
0.0,0,0.0,-0.409090909090909,-0.6643478260869564,0.0,0.0,0.0,0.0,0.0,0.0,-0.25,0.0,0.0,0.5536332179930795,0.0,0.0,-2.8744597471772684,0.0,0.0,0.0,-4.7419527383332944,0.0,0.0,0.0,0.0,0.0,0
0.0,0,0.0,1.2272727272727273,-0.1593043478260868,0.0,0.0,0.0,0.0,0.0,0.0,0.0,0.0,0.0,-0.12456747404844318,0.0,0.0,0.11247881241727664,0.0,0.0,0.0,-0.5215472318171287,0.0,0.0,0.0,0.0,0.0,0
0.0,0,0.0,0.6363636363636365,-0.000695652173913004,0.0,0.0,0.0,0.0,0.0,0.0,0.6,0.0,0.0,-0.37370242214532856,0.0,0.0,1.4099975352060423,0.0,0.0,0.0,1.1678849193804741,0.0,0.0,0.0,0.0,0.0,0
0.0,0,0.0,-0.5909090909090908,-0.28313043478260863,0.0,0.0,0.0,0.0,0.0,0.0,0.3,0.0,0.0,0.04152249134948106,0.0,0.0,-0.32304790163369523,0.0,0.0,0.0,0.3318274136077666,0.0,0.0,0.0,0.0,0.0,0
0.0,0,0.0,0.4090909090909092,-0.354086956521739,0.0,0.0,0.0,0.0,0.0,0.0,1.6,0.0,0.0,-0.8858131487889273,0.0,0.0,-0.5786789411944693,0.0,0.0,0.0,-0.5590544543913121,0.0,0.0,0.0,0.0,0.0,0
0.0,0,0.0,0.0,-0.3234782608695652,1.0,0.0,0.0,0.0,0.0,0.0,-0.9,0.0,0.0,0.9134948096885809,0.0,0.0,1.2731389735276806,0.0,0.0,0.0,0.9875709285162285,0.0,0.0,0.0,0.0,0.0,0
0.0,0,0.0,-0.18181818181818177,0.25252173913043485,1.0,0.0,0.0,0.0,0.0,0.0,1.4,0.0,0.0,-0.6366782006920416,0.0,0.0,-0.35000918416049387,0.0,0.0,0.0,-0.25994837743724575,0.0,0.0,0.0,0.0,0.0,0
0.0,0,0.0,-0.409090909090909,-0.640695652173913,0.0,0.0,0.0,0.0,0.0,0.0,-0.3,0.0,0.0,0.5121107266435985,0.0,1.0,0.5299941755227747,0.0,0.0,0.0,0.9514132419900104,0.0,0.0,0.0,0.0,0.0,0
0.0,0,0.0,-1.0,-1.1749565217391302,0.0,0.0,0.0,0.0,0.0,0.0,-0.35,0.0,0.0,-1.038062283737024,0.0,0.0,-1.3271053296140147,0.0,0.0,0.0,-1.661887948341572,0.0,0.0,0.0,0.0,0.0,0
0.0,0,0.0,0.818181818181818,-0.7812173913043478,0.0,0.0,0.0,0.0,0.0,0.0,0.2,0.0,0.0,-1.14878892733564,0.0,0.0,-0.9743815042829878,0.0,0.0,0.0,-1.508006607367648,0.0,0.0,0.0,0.0,0.0,0
0.0,0,0.0,-1.2272727272727273,0.398608695652174,0.0,0.0,0.0,0.0,0.0,0.0,-1.25,0.0,0.0,0.2076124567474048,0.0,0.0,0.17727035019174733,0.0,0.0,0.0,0.4784527681828713,0.0,0.0,0.0,0.0,0.0,0
0.0,0,0.0,-0.818181818181818,-0.12173913043478261,0.0,0.0,0.0,0.0,0.0,0.0,-0.4,0.0,0.0,0.3044982698961936,0.0,0.0,-0.5487425309462881,0.0,0.0,0.0,-0.5215472318171287,0.0,0.0,0.0,0.0,0.0,0
0.0,0,0.0,0.4090909090909092,0.0396521739130436,0.0,0.0,0.0,0.0,0.0,0.0,0.0,0.0,0.0,0.15224913494809655,0.0,0.0,0.2607558479227891,0.0,0.0,0.0,0.18467839594075103,0.0,0.0,0.0,0.0,0.0,0
0.0,0,0.0,-0.18181818181818177,0.08278260869565221,0.0,0.0,0.0,0.0,0.0,0.0,0.15,0.0,0.0,-0.23529411764705868,0.0,0.0,-0.5487425309462881,0.0,0.0,0.0,0.037001961312592244,0.0,0.0,0.0,0.0,0.0,0
0.0,0,0.0,-0.818181818181818,0.398608695652174,0.0,0.0,0.0,0.0,0.0,0.0,-0.9,0.0,0.0,1.1626297577854667,0.0,0.0,0.17727035019174733,0.0,0.0,0.0,0.4784527681828713,0.0,0.0,0.0,0.0,0.0,0
0.0,0,0.0,0.4090909090909092,-0.38469565217391294,0.0,0.0,0.0,0.0,0.0,0.0,1.05,0.0,0.0,-0.2076124567474048,0.0,0.0,-0.5487425309462881,0.0,0.0,0.0,-0.4840741222286541,0.0,0.0,0.0,0.0,0.0,0
0.0,0,0.0,-0.5909090909090908,-0.8605217391304347,0.0,0.0,0.0,0.0,0.0,0.0,0.4,0.0,0.0,-0.7612456747404843,0.0,0.0,0.09044455886886775,0.0,0.0,0.0,0.3685326999127434,0.0,0.0,0.0,0.0,0.0,0
0.0,0,0.0,0.6363636363636365,-1.378086956521739,0.0,0.0,0.0,0.0,0.0,0.0,-0.1,0.0,0.0,-0.7474048442906573,0.0,0.0,-2.407591617260362,0.0,0.0,0.0,-2.914077196600086,0.0,0.0,0.0,0.0,0.0,0
0.0,0,0.0,-1.409090909090909,-1.3238260869565217,0.0,0.0,0.0,0.0,0.0,0.0,0.45,0.0,0.0,-0.9688581314878891,0.0,0.0,-0.8684895112852955,0.0,0.0,0.0,-1.8937929573062446,0.0,0.0,0.0,0.0,0.0,0
0.0,0,0.0,0.818181818181818,-0.7937391304347826,0.0,0.0,0.0,0.0,0.0,0.0,-0.15,0.0,0.0,-1.079584775086505,0.0,0.0,0.2607558479227891,0.0,0.0,0.0,-0.8603477981318944,0.0,0.0,0.0,0.0,0.0,0
0.0,0,0.0,1.0454545454545452,-0.7937391304347826,0.0,0.0,0.0,0.0,0.0,0.0,0.85,0.0,0.0,-1.9100346020761243,0.0,0.0,0.2607558479227891,0.0,0.0,0.0,-0.8603477981318944,0.0,0.0,0.0,0.0,0.0,0
0.0,0,0.0,0.4090909090909092,-0.4598260869565217,0.0,0.0,0.0,0.0,0.0,0.0,-0.35,0.0,0.0,-0.06920415224913494,0.0,0.0,-0.16795655807227217,0.0,0.0,0.0,0.5150277205646006,0.0,0.0,0.0,0.0,0.0,0
0.0,0,0.0,-0.5909090909090908,-0.12173913043478261,0.0,0.0,0.0,0.0,0.0,0.0,-0.45,0.0,0.0,0.2076124567474048,0.0,0.0,-0.5487425309462881,0.0,0.0,0.0,-0.5215472318171287,0.0,0.0,0.0,0.0,0.0,0
0.0,0,0.0,-0.409090909090909,-0.07165217391304336,0.0,0.0,0.0,0.0,0.0,0.0,-0.55,0.0,0.0,0.5259515570934256,0.0,0.0,-0.7027330094915202,0.0,0.0,0.0,-0.18550990885619978,0.0,0.0,0.0,0.0,0.0,0
0.0,0,0.0,0.22727272727272727,0.08278260869565221,0.0,0.0,0.0,0.0,0.0,0.0,0.1,0.0,0.0,-0.09688581314878882,0.0,0.0,-0.5487425309462881,0.0,0.0,0.0,0.037001961312592244,0.0,0.0,0.0,0.0,0.0,0
0.0,0,0.0,0.22727272727272727,0.13286956521739146,0.0,0.0,0.0,0.0,0.0,0.0,-0.25,0.0,0.0,0.5121107266435985,0.0,0.0,0.7368511325397706,0.0,0.0,0.0,0.29508939855451366,0.0,0.0,0.0,0.0,0.0,0
0.0,0,0.0,0.6363636363636365,0.13286956521739146,0.0,0.0,0.0,0.0,0.0,0.0,-0.45,0.0,0.0,0.04152249134948106,0.0,0.0,0.7368511325397706,0.0,0.0,0.0,0.29508939855451366,0.0,0.0,0.0,0.0,0.0,0
0.0,0,0.0,1.0454545454545452,0.13286956521739146,0.0,0.0,0.0,0.0,0.0,0.0,-0.45,0.0,0.0,0.04152249134948106,0.0,0.0,0.7368511325397706,0.0,0.0,0.0,0.29508939855451366,0.0,0.0,0.0,0.0,0.0,0
0.0,0,0.0,0.22727272727272727,-1.0441739130434782,0.0,0.0,0.0,0.0,0.0,0.0,-0.8,0.0,0.0,-0.2906574394463669,0.0,0.0,0.1342916124342567,0.0,0.0,0.0,0.037001961312592244,0.0,0.0,0.0,0.0,0.0,0
0.0,0,0.0,1.636363636363636,-0.8354782608695652,0.0,0.0,0.0,0.0,0.0,0.0,-0.75,0.0,0.0,-0.48442906574394456,0.0,0.0,0.7856252150835483,0.0,0.0,0.0,-0.14834104647766322,0.0,0.0,0.0,0.0,0.0,0
0.0,0,0.0,-0.18181818181818177,-0.3234782608695652,0.0,0.0,0.0,0.0,0.0,0.0,-0.25,0.0,0.0,-0.22145328719723198,0.0,0.0,1.2731389735276806,0.0,0.0,0.0,0.9875709285162285,0.0,0.0,0.0,0.0,0.0,0
0.0,0,0.0,1.0454545454545452,-1.0441739130434782,0.0,0.0,0.0,0.0,0.0,0.0,-0.85,0.0,0.0,-0.5121107266435987,0.0,0.0,0.1342916124342567,0.0,0.0,0.0,0.037001961312592244,0.0,0.0,0.0,0.0,0.0,0
0.0,0,0.0,0.22727272727272727,0.5419130434782611,0.0,0.0,0.0,0.0,0.0,0.0,0.05,0.0,0.0,-0.27681660899653976,0.0,0.0,0.1342916124342567,0.0,0.0,0.0,-1.0497811486252149,0.0,0.0,0.0,0.0,0.0,0
0.0,0,0.0,-1.2272727272727273,0.4570434782608695,0.0,0.0,0.0,0.0,0.0,0.0,-0.6,0.0,0.0,1.14878892733564,0.0,0.0,0.9997774910128062,0.0,0.0,0.0,0.6245581736004762,0.0,0.0,0.0,0.0,0.0,0
0.0,0,0.0,-0.409090909090909,-1.4128695652173913,0.0,0.0,0.0,0.0,0.0,0.0,1.85,0.0,0.0,-1.7439446366782005,0.0,0.0,-0.16795655807227217,0.0,0.0,0.0,-2.8346905031528644,1.0,0.0,0.0,0.0,0.0,0
0.0,0,0.0,-0.409090909090909,-1.3238260869565217,0.0,0.0,0.0,0.0,0.0,0.0,0.05,0.0,0.0,-0.4982698961937717,0.0,0.0,-0.8684895112852955,0.0,0.0,0.0,-1.8937929573062446,1.0,0.0,0.0,0.0,0.0,0
0.0,0,0.0,-0.409090909090909,-0.7812173913043478,0.0,0.0,0.0,0.0,0.0,0.0,1.5,0.0,0.0,-1.5224913494809686,0.0,0.0,-0.9743815042829878,0.0,1.0,0.0,-1.508006607367648,0.0,0.0,0.0,0.0,0.0,0
0.0,0,0.0,-0.5909090909090908,-0.004869565217391225,0.0,0.0,0.0,0.0,0.0,0.0,1.2,0.0,0.0,-0.6366782006920416,0.0,0.0,0.7856252150835483,0.0,0.0,0.0,-0.5590544543913121,0.0,0.0,0.0,0.0,0.0,0
0.0,0,0.0,1.2272727272727273,0.1787826086956523,0.0,0.0,0.0,0.0,0.0,0.0,-1.15,0.0,0.0,0.3183391003460208,0.0,0.0,-0.35000918416049387,0.0,0.0,0.0,-0.22271233228884113,0.0,0.0,0.0,0.0,0.0,0
0.0,0,0.0,1.0454545454545452,0.4737391304347828,0.0,0.0,0.0,0.0,0.0,0.0,-0.15,0.0,0.0,0.027681660899653876,0.0,0.0,0.4564157620502228,0.0,0.0,0.0,-0.07410376305583988,0.0,0.0,0.0,0.0,0.0,0
0.0,0,0.0,-0.818181818181818,-0.12173913043478261,0.0,0.0,0.0,0.0,0.0,0.0,0.1,0.0,0.0,-0.1937716262975781,0.0,0.0,-0.5487425309462881,0.0,0.0,0.0,-0.5215472318171287,0.0,0.0,0.0,0.0,0.0,0
0.0,0,0.0,0.22727272727272727,-0.000695652173913004,0.0,0.0,0.0,0.0,0.0,0.0,0.45,0.0,0.0,-0.09688581314878882,0.0,0.0,1.4099975352060423,0.0,0.0,0.0,1.1678849193804741,0.0,0.0,0.0,0.0,0.0,0
0.0,0,0.0,-1.409090909090909,0.0396521739130436,0.0,0.0,0.0,0.0,0.0,0.0,0.25,0.0,0.0,-0.37370242214532856,0.0,0.0,0.2607558479227891,0.0,0.0,0.0,0.18467839594075103,0.0,0.0,0.0,0.0,0.0,0
0.0,0,0.0,-0.18181818181818177,0.08278260869565221,0.0,0.0,0.0,0.0,0.0,0.0,0.15,0.0,0.0,0.12456747404844269,0.0,0.0,-0.5487425309462881,0.0,0.0,0.0,0.037001961312592244,0.0,0.0,0.0,0.0,0.0,0
0.0,0,0.0,-1.409090909090909,0.398608695652174,0.0,0.0,0.0,0.0,0.0,0.0,-1.35,0.0,0.0,0.3044982698961936,0.0,0.0,0.17727035019174733,0.0,0.0,0.0,0.4784527681828713,0.0,0.0,0.0,0.0,0.0,0
0.0,0,0.0,-0.818181818181818,0.398608695652174,0.0,0.0,0.0,0.0,0.0,0.0,-0.75,0.0,0.0,0.8442906574394459,0.0,0.0,0.17727035019174733,0.0,0.0,0.0,0.4784527681828713,0.0,0.0,0.0,0.0,0.0,0
0.0,0,0.0,-0.818181818181818,0.398608695652174,0.0,0.0,0.0,0.0,0.0,0.0,-0.4,0.0,0.0,0.4290657439446363,0.0,0.0,0.17727035019174733,0.0,0.0,0.0,0.4784527681828713,0.0,0.0,0.0,0.0,0.0,0
0.0,0,0.0,-0.18181818181818177,0.5697391304347829,0.0,0.0,0.0,0.0,0.0,0.0,-0.3,0.0,0.0,0.8304498269896192,0.0,0.0,-0.07039607370460711,0.0,0.0,0.0,0.6974170451990832,0.0,0.0,0.0,0.0,0.0,0
0.0,0,0.0,0.4090909090909092,-1.009391304347826,0.0,0.0,0.0,0.0,0.0,0.0,-0.85,0.0,0.0,-0.26297577854671306,0.0,0.0,-0.14315222714349699,0.0,0.0,0.0,0.037001961312592244,0.0,0.0,0.0,0.0,0.0,0
0.0,0,0.0,0.818181818181818,-0.1593043478260868,0.0,0.0,0.0,0.0,0.0,0.0,0.85,0.0,0.0,-0.6366782006920416,0.0,0.0,0.11247881241727664,0.0,0.0,0.0,-0.5215472318171287,0.0,0.0,0.0,0.0,0.0,0
0.0,0,0.0,0.6363636363636365,-1.009391304347826,0.0,0.0,0.0,0.0,0.0,0.0,-0.9,0.0,0.0,-0.26297577854671306,0.0,0.0,-0.14315222714349699,0.0,0.0,0.0,0.037001961312592244,0.0,0.0,0.0,0.0,0.0,0
0.0,0,0.0,1.0454545454545452,-0.320695652173913,0.0,0.0,0.0,0.0,0.0,0.0,-0.5,0.0,0.0,0.2076124567474048,0.0,0.0,1.113285988449243,0.0,0.0,0.0,0.25831859633489496,0.0,0.0,0.0,0.0,0.0,0
0.0,0,0.0,0.4090909090909092,0.4737391304347828,0.0,0.0,0.0,0.0,0.0,0.0,0.05,0.0,0.0,-0.15224913494809705,0.0,0.0,0.4564157620502228,0.0,0.0,0.0,-0.07410376305583988,0.0,0.0,0.0,0.0,0.0,0
0.0,0,0.0,-0.5909090909090908,-0.07165217391304336,0.0,0.0,0.0,0.0,0.0,0.0,-1.0,0.0,0.0,0.5674740484429062,0.0,0.0,-0.7027330094915202,0.0,0.0,0.0,-0.18550990885619978,0.0,0.0,0.0,0.0,0.0,0
0.0,0,0.0,-1.2272727272727273,-0.25530434782608685,0.0,0.0,0.0,0.0,0.0,0.0,1.1,0.0,0.0,-0.2076124567474048,0.0,0.0,-1.0479599177555396,0.0,0.0,0.0,-0.7094257203977471,0.0,0.0,0.0,0.0,0.0,0
0.0,0,0.0,-1.0,-1.3961739130434783,0.0,0.0,0.0,0.0,0.0,0.0,0.3,0.0,0.0,-0.9134948096885813,0.0,0.0,-2.083054621000232,0.0,0.0,0.0,-2.953827977447422,0.0,0.0,0.0,0.0,0.0,0
0.0,0,0.0,0.6363636363636365,-1.474086956521739,0.0,0.0,0.0,0.0,0.0,0.0,-0.9,0.0,0.0,-0.26297577854671306,0.0,0.0,-3.711484369103045,0.0,0.0,0.0,-9.351519571490343,0.0,0.0,0.0,0.0,0.0,0
0.0,0,0.0,0.22727272727272727,0.4737391304347828,0.0,0.0,0.0,0.0,0.0,0.0,2.25,0.0,0.0,-1.065743944636678,0.0,0.0,0.4564157620502228,0.0,0.0,0.0,-0.07410376305583988,0.0,0.0,0.0,0.0,0.0,0
0.0,0,0.0,0.6363636363636365,0.4737391304347828,0.0,0.0,0.0,0.0,0.0,0.0,-0.15,0.0,0.0,0.06920415224913494,0.0,0.0,0.4564157620502228,0.0,0.0,0.0,-0.07410376305583988,0.0,0.0,0.0,0.0,0.0,0
0.0,0,0.0,0.6363636363636365,0.5419130434782611,0.0,0.0,0.0,0.0,0.0,0.0,1.2,0.0,0.0,-0.6782006920415224,0.0,0.0,0.1342916124342567,0.0,0.0,0.0,-1.0497811486252149,0.0,0.0,0.0,0.0,0.0,0
0.0,0,0.0,0.0,-0.000695652173913004,0.0,0.0,0.0,0.0,0.0,0.0,-0.1,0.0,0.0,0.11072664359861599,0.0,0.0,1.4099975352060423,0.0,0.0,0.0,1.1678849193804741,0.0,0.0,0.0,0.0,0.0,0
0.0,0,0.0,0.22727272727272727,0.17739130434782607,0.0,0.0,0.0,0.0,0.0,0.0,-0.65,0.0,0.0,0.6643598615916955,0.0,0.0,0.0456933789280251,0.0,0.0,0.0,0.3318274136077666,0.0,0.0,0.0,0.0,0.0,0
0.0,0,0.0,-0.409090909090909,-1.456,0.0,0.0,0.0,0.0,0.0,0.0,1.8,0.0,0.0,-1.9377162629757783,0.0,0.0,-1.9093335035420378,0.0,0.0,0.0,-3.675979142593664,0.0,0.0,0.0,0.0,0.0,0
0.0,0,0.0,1.0454545454545452,-1.2361739130434781,0.0,0.0,0.0,0.0,0.0,0.0,0.5,0.0,0.0,-0.9134948096885813,0.0,0.0,-1.9657095389817594,0.0,0.0,0.0,-2.1660089244560314,0.0,0.0,0.0,0.0,0.0,0
0.0,0,0.0,-0.409090909090909,-1.0803478260869563,0.0,0.0,0.0,0.0,0.0,0.0,-0.65,0.0,0.0,-0.15224913494809705,0.0,0.0,-0.21843221289677064,0.0,0.0,0.0,-0.07410376305583988,0.0,0.0,0.0,0.0,0.0,0
0.0,0,0.0,-0.409090909090909,-0.12173913043478261,0.0,0.0,0.0,0.0,0.0,0.0,-0.45,0.0,0.0,0.2906574394463664,0.0,0.0,-0.5487425309462881,0.0,0.0,0.0,-0.5215472318171287,0.0,0.0,0.0,0.0,0.0,0
0.0,0,0.0,-0.409090909090909,-0.28313043478260863,0.0,0.0,0.0,0.0,0.0,0.0,0.15,0.0,0.0,0.13840830449826988,0.0,0.0,-0.32304790163369523,0.0,0.0,0.0,0.3318274136077666,0.0,0.0,0.0,0.0,0.0,0
0.0,0,0.0,0.6363636363636365,-0.23026086956521735,0.0,0.0,0.0,0.0,0.0,0.0,0.7,0.0,0.0,-0.26297577854671306,0.0,0.0,-0.32304790163369523,0.0,0.0,0.0,-1.125799032094307,0.0,0.0,0.0,0.0,0.0,0
0.0,0,0.0,0.818181818181818,-1.2361739130434781,0.0,0.0,0.0,0.0,0.0,0.0,0.05,0.0,0.0,-0.7750865051903114,0.0,0.0,-1.9657095389817594,0.0,0.0,0.0,-2.1660089244560314,0.0,0.0,0.0,0.0,0.0,0
0.0,0,0.0,0.22727272727272727,-1.0441739130434782,0.0,0.0,0.0,0.0,0.0,0.0,-1.2,0.0,0.0,-0.06920415224913494,0.0,0.0,0.1342916124342567,0.0,0.0,0.0,0.037001961312592244,0.0,0.0,0.0,0.0,0.0,0
0.0,0,0.0,-0.18181818181818177,-0.25530434782608685,0.0,0.0,0.0,0.0,0.0,0.0,-0.15,0.0,0.0,0.48442906574394456,0.0,0.0,-1.0479599177555396,0.0,0.0,0.0,-0.7094257203977471,0.0,0.0,0.0,0.0,0.0,0
0.0,0,0.0,-0.5909090909090908,-0.4153043478260869,0.0,0.0,0.0,0.0,0.0,0.0,-0.35,0.0,0.0,-0.055363321799308245,0.0,0.0,0.17727035019174733,0.0,0.0,0.0,0.07397072211707124,0.0,0.0,0.0,0.0,0.0,0
0.0,0,0.0,1.636363636363636,-1.1499130434782607,0.0,0.0,0.0,0.0,0.0,0.0,-0.75,0.0,0.0,-0.48442906574394456,0.0,0.0,-1.4586823008777374,0.0,0.0,0.0,-1.3164596275397478,0.0,0.0,0.0,0.0,0.0,0
0.0,0,0.0,1.0454545454545452,-1.1499130434782607,0.0,0.0,0.0,0.0,0.0,0.0,-0.75,0.0,0.0,-0.5259515570934256,0.0,0.0,-1.4586823008777374,0.0,0.0,0.0,-1.3164596275397478,0.0,0.0,0.0,0.0,1.0,0
0.0,0,0.0,1.0454545454545452,-1.009391304347826,0.0,0.0,0.0,0.0,0.0,0.0,-0.6,0.0,0.0,-1.065743944636678,0.0,0.0,-0.14315222714349699,0.0,0.0,0.0,0.037001961312592244,0.0,0.0,0.0,0.0,0.0,0
0.0,0,0.0,0.4090909090909092,-1.009391304347826,0.0,0.0,0.0,0.0,0.0,0.0,-0.75,0.0,0.0,-0.5674740484429066,0.0,0.0,-0.14315222714349699,0.0,0.0,0.0,0.037001961312592244,0.0,0.0,0.0,0.0,0.0,0
0.0,0,0.0,0.0,-0.9551304347826086,0.0,0.0,0.0,0.0,0.0,0.0,-0.6,0.0,0.0,-1.2041522491349481,0.0,0.0,-0.5786789411944693,0.0,0.0,0.0,-0.5590544543913121,0.0,0.0,0.0,0.0,0.0,0
0.0,0,0.0,-0.409090909090909,-0.4598260869565217,0.0,0.0,0.0,0.0,0.0,0.0,-0.3,0.0,0.0,0.04152249134948106,0.0,0.0,-0.16795655807227217,0.0,0.0,0.0,0.5150277205646006,0.0,0.0,0.0,0.0,0.0,0
0.0,0,0.0,-0.818181818181818,0.5154782608695654,0.0,0.0,0.0,0.0,0.0,0.0,1.6,0.0,0.0,-1.2456747404844288,0.0,0.0,0.4750455359469926,0.0,0.0,0.0,-0.03703522150701221,0.0,0.0,0.0,0.0,0.0,0
0.0,0,0.0,0.6363636363636365,0.5154782608695654,0.0,0.0,0.0,0.0,0.0,0.0,0.05,0.0,0.0,-0.3044982698961936,0.0,0.0,0.4750455359469926,0.0,0.0,0.0,-0.03703522150701221,0.0,0.0,0.0,0.0,0.0,0
0.0,0,0.0,0.6363636363636365,0.21913043478260869,0.0,0.0,0.0,0.0,0.0,0.0,0.0,0.0,0.0,0.44290657439446346,0.0,0.0,0.02296693741875308,0.0,0.0,0.0,0.29508939855451366,0.0,0.0,0.0,0.0,0.0,0
0.0,0,0.0,-0.409090909090909,-0.48626086956521725,0.0,0.0,0.0,0.0,0.0,0.0,0.15,0.0,0.0,-0.1937716262975781,0.0,0.0,-1.748492870968563,0.0,0.0,0.0,-2.7554564765179728,0.0,0.0,0.0,0.0,0.0,0
0.0,0,0.0,0.6363636363636365,-0.3234782608695652,0.0,0.0,0.0,0.0,0.0,0.0,0.4,0.0,0.0,0.06920415224913494,0.0,0.0,1.2731389735276806,0.0,0.0,0.0,0.9875709285162285,0.0,0.0,0.0,0.0,0.0,0
0.0,0,0.0,0.6363636363636365,-0.8605217391304347,0.0,0.0,0.0,0.0,0.0,0.0,-0.9,0.0,0.0,0.17993079584775093,0.0,0.0,0.09044455886886775,0.0,0.0,0.0,0.3685326999127434,0.0,0.0,0.0,0.0,0.0,0
0.0,0,0.0,-0.818181818181818,-0.7812173913043478,0.0,0.0,0.0,0.0,0.0,0.0,0.35,0.0,0.0,-1.4256055363321798,0.0,0.0,-0.9743815042829878,0.0,0.0,0.0,-1.508006607367648,0.0,0.0,0.0,0.0,1.0,0
0.0,0,0.0,-0.409090909090909,0.5697391304347829,0.0,0.0,0.0,0.0,0.0,0.0,0.05,0.0,0.0,-0.2906574394463669,0.0,0.0,-0.07039607370460711,0.0,0.0,0.0,0.6974170451990832,0.0,0.0,0.0,0.0,1.0,0
0.0,0,0.0,-0.18181818181818177,-0.9801739130434781,0.0,0.0,0.0,0.0,0.0,0.0,0.2,0.0,0.0,-0.4705882352941176,0.0,0.0,-0.9032159374545996,0.0,0.0,0.0,-0.07410376305583988,0.0,0.0,0.0,0.0,1.0,0
0.0,0,0.0,-1.409090909090909,-0.8605217391304347,0.0,0.0,0.0,0.0,0.0,0.0,-0.35,0.0,0.0,-0.5397923875432525,0.0,0.0,0.09044455886886775,0.0,0.0,0.0,0.3685326999127434,0.0,0.0,0.0,0.0,0.0,0
0.0,0,0.0,-0.5909090909090908,-1.2083478260869565,0.0,0.0,1.0,0.0,0.0,0.0,-0.1,0.0,0.0,-0.5397923875432525,0.0,0.0,-3.587430300805994,0.0,0.0,0.0,-9.724810289398464,0.0,0.0,0.0,0.0,0.0,0
0.0,0,0.0,-0.409090909090909,-1.1749565217391302,0.0,0.0,1.0,0.0,0.0,0.0,-0.15,0.0,0.0,-0.7335640138408304,0.0,0.0,-1.3271053296140147,0.0,0.0,0.0,-1.661887948341572,0.0,0.0,0.0,0.0,0.0,0
0.0,0,0.0,0.4090909090909092,-0.7937391304347826,0.0,0.0,1.0,0.0,0.0,0.0,0.2,0.0,0.0,-1.2041522491349481,0.0,0.0,0.2607558479227891,0.0,0.0,0.0,-0.8603477981318944,0.0,0.0,0.0,0.0,0.0,0
0.0,0,0.0,-0.409090909090909,-0.3819130434782607,0.0,0.0,1.0,0.0,0.0,0.0,0.0,0.0,0.0,-0.23529411764705868,0.0,0.0,1.515889528203735,0.0,0.0,0.0,0.7701473044244204,0.0,0.0,0.0,0.0,0.0,0
0.0,0,0.0,-0.5909090909090908,-1.1499130434782607,0.0,0.0,0.0,0.0,0.0,0.0,-0.2,0.0,0.0,-0.6089965397923874,0.0,0.0,-1.4586823008777374,0.0,0.0,0.0,-1.3164596275397478,0.0,0.0,0.0,0.0,1.0,0
0.0,0,0.0,0.818181818181818,0.43200000000000016,0.0,0.0,0.0,0.0,0.0,0.0,0.5,0.0,0.0,-0.23529411764705868,0.0,0.0,1.7753449834375983,0.0,0.0,0.0,0.6974170451990832,0.0,0.0,0.0,0.0,1.0,0
0.0,0,0.0,-1.2272727272727273,0.21913043478260869,0.0,0.0,0.0,1.0,0.0,0.0,0.8,0.0,0.0,-0.2906574394463669,0.0,0.0,0.02296693741875308,0.0,0.0,0.0,0.29508939855451366,0.0,0.0,0.0,0.0,0.0,0
0.0,0,0.0,-0.409090909090909,0.25252173913043485,0.0,0.0,0.0,1.0,0.0,0.0,1.2,0.0,0.0,-0.5121107266435987,0.0,0.0,-0.35000918416049387,0.0,0.0,0.0,-0.25994837743724575,0.0,0.0,0.0,0.0,0.0,0
0.0,0,0.0,-0.5909090909090908,-0.8354782608695652,0.0,0.0,0.0,0.0,0.0,0.0,0.0,0.0,0.0,-0.17993079584775093,0.0,0.0,-1.4139311209368948,0.0,0.0,0.0,-2.2050441534794785,1.0,0.0,0.0,0.0,0.0,0
0.0,0,0.0,-0.818181818181818,0.29426086956521746,0.0,0.0,0.0,0.0,0.0,0.0,-0.2,0.0,0.0,0.3321799307958475,0.0,0.0,-0.35000918416049387,0.0,0.0,0.0,-0.22271233228884113,0.0,1.0,0.0,0.0,0.0,0
0.0,0,0.0,-1.0,0.25252173913043485,0.0,0.0,0.0,0.0,0.0,0.0,-0.15,0.0,0.0,0.35986159169550136,0.0,0.0,-0.35000918416049387,0.0,0.0,0.0,-0.25994837743724575,0.0,0.0,0.0,0.0,0.0,0
0.0,0,0.0,0.22727272727272727,-0.11756521739130418,0.0,0.0,0.0,0.0,0.0,0.0,-0.55,0.0,0.0,0.5536332179930795,0.0,0.0,0.8953416237543298,0.0,0.0,0.0,1.419006086899387,0.0,0.0,0.0,0.0,0.0,0
0.0,0,0.0,2.227272727272727,-0.004869565217391225,0.0,0.0,0.0,0.0,0.0,0.0,0.45,0.0,0.0,0.26297577854671256,0.0,0.0,0.7856252150835483,0.0,0.0,0.0,-0.5590544543913121,0.0,0.0,0.0,0.0,0.0,0
0.0,0,0.0,0.6363636363636365,-0.7937391304347826,0.0,0.0,0.0,0.0,0.0,0.0,0.55,0.0,0.0,-0.37370242214532856,0.0,0.0,0.06818430903422358,0.0,0.0,0.0,-0.596595852116016,0.0,0.0,0.0,0.0,0.0,0
0.0,0,0.0,0.6363636363636365,-0.11756521739130418,0.0,0.0,0.0,0.0,0.0,0.0,-0.5,0.0,0.0,0.6228373702422144,0.0,0.0,0.8953416237543298,0.0,0.0,0.0,1.419006086899387,0.0,0.0,0.0,0.0,0.0,0
0.0,0,0.0,0.0,0.32486956521739124,0.0,0.0,0.0,0.0,0.0,0.0,-1.0,0.0,0.0,1.1211072664359856,0.0,0.0,0.4186695005072711,0.0,0.0,0.0,1.3115700908162378,0.0,0.0,0.0,0.0,0.0,0
0.0,0,0.0,0.6363636363636365,-0.9551304347826086,0.0,0.0,0.0,0.0,0.0,0.0,-0.1,0.0,0.0,-0.8442906574394464,0.0,0.0,-0.5786789411944693,0.0,0.0,0.0,-0.5590544543913121,0.0,0.0,0.0,0.0,0.0,0
1.0,0,0.0,-0.18181818181818177,-0.48626086956521725,0.0,0.0,0.0,0.0,0.0,0.0,-0.7,0.0,0.0,0.6782006920415221,0.0,0.0,-1.748492870968563,0.0,0.0,0.0,-2.7554564765179728,0.0,0.0,0.0,0.0,0.0,0
0.0,0,0.0,1.2272727272727273,-0.000695652173913004,0.0,0.0,0.0,0.0,0.0,0.0,0.05,0.0,0.0,-0.26297577854671306,0.0,0.0,1.4099975352060423,0.0,0.0,0.0,1.1678849193804741,0.0,0.0,0.0,0.0,0.0,0
0.0,0,0.0,0.22727272727272727,-0.3819130434782607,0.0,0.0,0.0,0.0,0.0,0.0,-0.85,0.0,0.0,0.6089965397923872,0.0,0.0,1.515889528203735,0.0,0.0,0.0,0.7701473044244204,0.0,0.0,0.0,0.0,0.0,0
0.0,0,0.0,0.6363636363636365,-0.7227826086956521,0.0,0.0,0.0,0.0,0.0,0.0,-0.15,0.0,0.0,0.5397923875432523,0.0,0.0,-0.32304790163369523,0.0,0.0,0.0,0.3318274136077666,0.0,0.0,0.0,0.0,0.0,0
0.0,0,0.0,-0.818181818181818,-0.5530434782608695,0.0,0.0,0.0,0.0,0.0,0.0,-0.65,0.0,0.0,0.7612456747404843,0.0,0.0,-0.2964174407420004,0.0,0.0,0.0,-0.5590544543913121,1.0,0.0,0.0,0.0,0.0,0
0.0,0,0.0,-1.0,-0.7951304347826086,0.0,0.0,0.0,0.0,0.0,0.0,0.05,0.0,0.0,0.7335640138408304,0.0,0.0,-0.5786789411944693,0.0,0.0,0.0,-0.5590544543913121,0.0,0.0,0.0,0.0,0.0,0
0.0,0,0.0,0.4090909090909092,-0.3234782608695652,0.0,0.0,0.0,0.0,0.0,0.0,0.25,0.0,0.0,0.11072664359861599,0.0,0.0,1.2731389735276806,0.0,0.0,0.0,0.9875709285162285,0.0,0.0,0.0,0.0,0.0,0
0.0,0,0.0,-0.5909090909090908,0.5154782608695654,0.0,0.0,0.0,0.0,0.0,0.0,-0.75,0.0,0.0,1.4256055363321798,1.0,0.0,-0.07039607370460711,0.0,0.0,0.0,0.6610037143690778,0.0,0.0,0.0,0.0,0.0,0
0.0,0,0.0,-1.2272727272727273,-0.000695652173913004,0.0,0.0,0.0,0.0,0.0,0.0,0.25,0.0,0.0,-0.4013840830449829,0.0,0.0,1.4099975352060423,0.0,0.0,0.0,1.1678849193804741,0.0,0.0,0.0,0.0,0.0,0
0.0,0,0.0,-0.818181818181818,0.5154782608695654,0.0,0.0,0.0,0.0,0.0,0.0,-0.75,0.0,0.0,1.2871972318339098,0.0,0.0,-0.07039607370460711,0.0,0.0,0.0,0.6610037143690778,0.0,0.0,0.0,0.0,0.0,0
0.0,0,0.0,-0.18181818181818177,0.0396521739130436,0.0,0.0,0.0,0.0,0.0,0.0,0.15,0.0,0.0,-0.12456747404844318,0.0,0.0,0.2607558479227891,0.0,0.0,0.0,0.18467839594075103,0.0,0.0,0.0,0.0,0.0,0
0.0,0,0.0,0.0,0.0396521739130436,0.0,0.0,0.0,0.0,0.0,0.0,-0.35,0.0,0.0,0.16608996539792376,0.0,0.0,0.2607558479227891,0.0,0.0,0.0,0.18467839594075103,0.0,0.0,0.0,0.0,0.0,0
0.0,0,0.0,-0.409090909090909,-0.9551304347826086,0.0,0.0,0.0,0.0,0.0,0.0,-0.65,0.0,0.0,-0.44290657439446346,0.0,0.0,-0.5786789411944693,0.0,0.0,0.0,-0.5590544543913121,0.0,0.0,0.0,0.0,0.0,0
0.0,0,0.0,0.0,0.32486956521739124,0.0,0.0,0.0,0.0,0.0,0.0,-0.05,0.0,0.0,0.13840830449826988,0.0,0.0,0.4186695005072711,1.0,0.0,0.0,1.3115700908162378,0.0,0.0,0.0,0.0,0.0,0
0.0,0,0.0,2.0454545454545454,-0.8104347826086955,0.0,0.0,0.0,0.0,0.0,0.0,-0.55,0.0,0.0,-0.5674740484429066,0.0,0.0,-0.14315222714349699,0.0,0.0,0.0,-0.3718588522664566,0.0,0.0,0.0,0.0,0.0,0
0.0,0,0.0,-1.0,0.17739130434782607,0.0,0.0,0.0,0.0,0.0,0.0,0.7,0.0,0.0,-0.2076124567474048,0.0,0.0,0.0456933789280251,0.0,0.0,0.0,0.3318274136077666,0.0,0.0,0.0,0.0,0.0,0
0.0,0,0.0,-0.818181818181818,-0.25530434782608685,0.0,0.0,0.0,0.0,0.0,0.0,1.25,0.0,0.0,-0.2076124567474048,0.0,0.0,-1.0479599177555396,0.0,0.0,1.0,-0.7094257203977471,0.0,0.0,0.0,0.0,0.0,0
0.0,0,0.0,0.22727272727272727,-1.2542608695652173,0.0,0.0,0.0,0.0,0.0,0.0,1.4,0.0,0.0,-1.9377162629757783,0.0,0.0,-1.854384863966256,0.0,0.0,0.0,-2.558035489540755,0.0,0.0,0.0,0.0,0.0,0
0.0,0,0.0,-1.409090909090909,0.0396521739130436,0.0,0.0,0.0,0.0,0.0,0.0,0.25,0.0,0.0,-0.37370242214532856,0.0,0.0,0.2607558479227891,0.0,0.0,0.0,0.18467839594075103,0.0,0.0,0.0,0.0,0.0,0
0.0,0,0.0,0.22727272727272727,0.2608695652173913,0.0,0.0,0.0,0.0,0.0,0.0,-0.45,0.0,0.0,0.5674740484429062,0.0,0.0,1.348856722149193,0.0,0.0,0.0,1.597445868417551,0.0,0.0,0.0,0.0,0.0,0
0.0,0,0.0,2.4545454545454546,-0.8354782608695652,0.0,0.0,0.0,0.0,0.0,0.0,-0.8,0.0,0.0,-0.6505190311418685,0.0,0.0,0.7856252150835483,0.0,0.0,0.0,-0.14834104647766322,0.0,0.0,0.0,0.0,0.0,0
0.0,0,0.0,-0.818181818181818,0.32486956521739124,0.0,0.0,0.0,0.0,0.0,0.0,0.15,0.0,0.0,0.19377162629757763,0.0,0.0,0.4186695005072711,0.0,0.0,0.0,1.3115700908162378,0.0,0.0,0.0,0.0,0.0,0
0.0,0,0.0,-1.0,0.3471304347826089,0.0,0.0,0.0,0.0,0.0,0.0,-0.35,0.0,0.0,0.35986159169550136,0.0,0.0,0.17727035019174733,0.0,0.0,0.0,0.4784527681828713,0.0,0.0,0.0,0.0,0.0,0
0.0,0,0.0,0.0,-0.24973913043478246,0.0,0.0,0.0,0.0,0.0,0.0,0.4,0.0,0.0,-0.26297577854671306,0.0,0.0,-0.46133385917599745,0.0,0.0,0.0,-2.2832257351019827,0.0,0.0,0.0,0.0,0.0,0
0.0,0,0.0,0.6363636363636365,0.4737391304347828,0.0,0.0,0.0,0.0,0.0,0.0,-0.15,0.0,0.0,0.11072664359861599,0.0,0.0,0.4564157620502228,0.0,0.0,0.0,-0.07410376305583988,0.0,0.0,0.0,0.0,0.0,0
0.0,0,0.0,-0.818181818181818,0.25252173913043485,0.0,0.0,0.0,0.0,0.0,0.0,-0.15,0.0,0.0,-0.22145328719723198,0.0,0.0,-0.35000918416049387,0.0,0.0,0.0,-0.25994837743724575,0.0,0.0,0.0,0.0,0.0,0
0.0,0,0.0,-1.0,-0.1593043478260868,0.0,0.0,0.0,0.0,0.0,0.0,0.55,0.0,0.0,-0.7058823529411765,0.0,0.0,0.11247881241727664,0.0,0.0,0.0,-0.5215472318171287,0.0,1.0,0.0,0.0,0.0,0
0.0,0,0.0,0.4090909090909092,-0.1593043478260868,0.0,0.0,0.0,0.0,0.0,0.0,-0.15,0.0,0.0,0.13840830449826988,0.0,0.0,0.11247881241727664,0.0,0.0,0.0,-0.5215472318171287,0.0,1.0,0.0,0.0,0.0,0
0.0,0,0.0,0.818181818181818,-1.3808695652173912,0.0,0.0,0.0,0.0,0.0,0.0,0.6,0.0,0.0,-1.8685121107266431,0.0,0.0,-2.023589111255349,0.0,0.0,0.0,-3.9195365877070643,0.0,0.0,0.0,0.0,0.0,0
0.0,0,0.0,-0.5909090909090908,-0.12173913043478261,0.0,0.0,0.0,0.0,0.0,0.0,0.1,0.0,0.0,-0.013840830449827184,0.0,0.0,-0.5487425309462881,0.0,0.0,0.0,-0.5215472318171287,0.0,0.0,0.0,0.0,0.0,0
0.0,0,0.0,-0.818181818181818,-0.354086956521739,0.0,0.0,0.0,0.0,0.0,0.0,0.15,0.0,0.0,-0.13840830449826988,0.0,0.0,-0.5786789411944693,0.0,0.0,0.0,-0.5590544543913121,0.0,0.0,0.0,0.0,0.0,0
0.0,0,0.0,0.6363636363636365,0.5419130434782611,0.0,0.0,0.0,0.0,0.0,0.0,1.2,0.0,0.0,-0.6782006920415224,0.0,0.0,0.1342916124342567,0.0,0.0,0.0,-1.0497811486252149,0.0,0.0,0.0,0.0,0.0,0
0.0,0,0.0,1.2272727272727273,0.21913043478260869,0.0,0.0,0.0,0.0,0.0,0.0,-0.5,0.0,0.0,0.6366782006920411,0.0,0.0,0.02296693741875308,0.0,1.0,0.0,0.29508939855451366,0.0,0.0,0.0,0.0,0.0,0
0.0,0,0.0,0.0,-1.0511304347826087,0.0,0.0,0.0,0.0,0.0,0.0,-0.5,0.0,0.0,-0.027681660899653876,0.0,0.0,-1.854384863966256,0.0,0.0,0.0,-2.558035489540755,0.0,0.0,0.0,0.0,0.0,0
0.0,0,0.0,-0.818181818181818,-1.2904347826086957,0.0,0.0,0.0,0.0,0.0,0.0,0.55,0.0,0.0,-0.9550173010380621,0.0,0.0,-1.4139311209368948,0.0,0.0,0.0,-1.816346165419446,0.0,0.0,0.0,0.0,0.0,0
0.0,0,0.0,0.22727272727272727,-0.832695652173913,0.0,0.0,0.0,0.0,0.0,0.0,0.15,0.0,0.0,-0.34602076124567466,0.0,0.0,0.5480055264682485,0.0,0.0,0.0,0.037001961312592244,0.0,0.0,0.0,0.0,0.0,0
0.0,0,0.0,0.4090909090909092,0.3805217391304347,0.0,0.0,0.0,0.0,0.0,0.0,-0.4,0.0,0.0,0.2076124567474048,0.0,0.0,1.1678890025233966,0.0,0.0,0.0,0.8427494045362595,0.0,0.0,0.0,0.0,0.0,0
0.0,0,0.0,-0.409090909090909,0.29426086956521746,0.0,0.0,0.0,0.0,0.0,0.0,0.2,0.0,0.0,-0.23529411764705868,0.0,0.0,-0.35000918416049387,0.0,0.0,0.0,-0.22271233228884113,0.0,0.0,0.0,0.0,0.0,0
0.0,0,0.0,0.818181818181818,-0.7937391304347826,0.0,0.0,0.0,0.0,0.0,0.0,-0.15,0.0,0.0,-1.079584775086505,0.0,0.0,0.2607558479227891,0.0,0.0,0.0,-0.8603477981318944,0.0,0.0,0.0,0.0,0.0,0
0.0,0,0.0,-0.818181818181818,0.25252173913043485,0.0,0.0,0.0,0.0,0.0,0.0,0.0,0.0,0.0,0.23529411764705868,1.0,0.0,-0.35000918416049387,0.0,0.0,0.0,-0.25994837743724575,0.0,0.0,0.0,0.0,0.0,0
0.0,0,0.0,-1.409090909090909,-0.9245217391304347,0.0,0.0,0.0,0.0,0.0,0.0,0.0,0.0,0.0,-0.8304498269896192,0.0,0.0,-0.11862817713884076,1.0,0.0,0.0,-0.2972181051276739,0.0,0.0,0.0,0.0,0.0,0
0.0,0,0.0,0.0,-0.8953043478260869,0.0,0.0,0.0,0.0,0.0,0.0,0.9,0.0,0.0,-1.079584775086505,0.0,0.0,-0.8006603868247939,0.0,0.0,0.0,-0.3345215763516463,0.0,0.0,0.0,0.0,0.0,0
0.0,0,0.0,0.0,-0.8354782608695652,0.0,0.0,0.0,0.0,0.0,0.0,-0.45,0.0,0.0,-1.0519031141868511,0.0,0.0,0.7856252150835483,0.0,0.0,0.0,-0.14834104647766322,0.0,0.0,0.0,0.0,0.0,0
0.0,0,0.0,-0.5909090909090908,0.32486956521739124,0.0,0.0,0.0,0.0,0.0,0.0,-0.7,0.0,0.0,0.6782006920415221,0.0,0.0,0.4186695005072711,0.0,0.0,0.0,1.3115700908162378,0.0,0.0,0.0,0.0,0.0,0
0.0,0,0.0,0.22727272727272727,-0.000695652173913004,0.0,0.0,0.0,0.0,0.0,0.0,-1.0,0.0,0.0,0.7335640138408304,0.0,0.0,1.4099975352060423,0.0,0.0,0.0,1.1678849193804741,0.0,0.0,0.0,0.0,0.0,0
0.0,0,0.0,0.0,0.3471304347826089,0.0,0.0,0.0,0.0,0.0,0.0,-0.85,0.0,0.0,0.6920415224913493,0.0,0.0,0.17727035019174733,0.0,0.0,0.0,0.4784527681828713,0.0,0.0,0.0,0.0,0.0,0
0.0,0,0.0,0.6363636363636365,0.3805217391304347,0.0,0.0,0.0,0.0,0.0,0.0,-0.3,0.0,0.0,0.5813148788927334,0.0,0.0,1.1678890025233966,0.0,0.0,0.0,0.8427494045362595,0.0,0.0,0.0,0.0,0.0,0
0.0,0,0.0,-1.409090909090909,0.398608695652174,0.0,0.0,0.0,0.0,0.0,0.0,-1.35,0.0,0.0,0.3044982698961936,0.0,0.0,0.17727035019174733,0.0,0.0,0.0,0.4784527681828713,0.0,0.0,0.0,0.0,0.0,0
0.0,0,0.0,1.0454545454545452,0.29426086956521746,0.0,0.0,0.0,0.0,0.0,0.0,0.85,0.0,0.0,-0.7474048442906573,0.0,0.0,-0.35000918416049387,0.0,0.0,0.0,-0.22271233228884113,0.0,0.0,0.0,0.0,0.0,0
0.0,0,0.0,-0.18181818181818177,-0.5224347826086956,0.0,0.0,0.0,0.0,0.0,0.0,-0.2,0.0,0.0,0.45674740484429066,0.0,0.0,-3.587430300805994,0.0,0.0,0.0,-11.98894389564709,0.0,0.0,0.0,0.0,0.0,0
0.0,0,0.0,-0.818181818181818,0.29426086956521746,0.0,0.0,0.0,0.0,0.0,0.0,-0.45,0.0,0.0,0.3183391003460208,1.0,0.0,-0.35000918416049387,0.0,0.0,0.0,-0.22271233228884113,0.0,0.0,0.0,0.0,0.0,0
0.0,0,0.0,-0.18181818181818177,-0.9843478260869565,0.0,0.0,0.0,0.0,0.0,0.0,0.6,0.0,0.0,-0.9550173010380621,0.0,0.0,-0.2964174407420004,0.0,0.0,0.0,-0.5590544543913121,0.0,0.0,0.0,0.0,0.0,0
0.0,0,0.0,-0.818181818181818,-1.3864347826086956,0.0,0.0,0.0,0.0,0.0,0.0,1.3,0.0,0.0,-1.4532871972318335,0.0,0.0,-2.407591617260362,0.0,0.0,0.0,-2.953827977447422,0.0,0.0,0.0,0.0,0.0,0
0.0,0,0.0,-0.5909090909090908,-0.9801739130434781,0.0,0.0,0.0,0.0,0.0,0.0,-0.25,0.0,0.0,0.12456747404844269,0.0,0.0,-0.9032159374545996,0.0,0.0,0.0,-0.07410376305583988,0.0,0.0,0.0,0.0,0.0,0
0.0,0,0.0,0.0,-0.8104347826086955,1.0,0.0,0.0,0.0,0.0,0.0,1.1,0.0,0.0,-0.5813148788927336,0.0,0.0,-0.14315222714349699,0.0,0.0,0.0,-0.3718588522664566,0.0,0.0,0.0,0.0,0.0,0
0.0,0,0.0,-1.0,0.398608695652174,0.0,0.0,0.0,0.0,0.0,0.0,-0.4,0.0,0.0,0.3875432525951557,0.0,0.0,0.17727035019174733,0.0,0.0,0.0,0.4784527681828713,0.0,0.0,0.0,0.0,0.0,0
0.0,0,0.0,1.4545454545454546,0.43200000000000016,0.0,0.0,0.0,0.0,0.0,0.0,-0.55,0.0,0.0,0.4982698961937712,0.0,0.0,1.7753449834375983,0.0,0.0,0.0,0.6974170451990832,0.0,0.0,0.0,0.0,0.0,0
0.0,0,0.0,-0.818181818181818,0.29426086956521746,0.0,0.0,0.0,0.0,0.0,1.0,-0.25,0.0,0.0,0.19377162629757763,0.0,0.0,-0.35000918416049387,0.0,0.0,0.0,-0.22271233228884113,0.0,0.0,0.0,0.0,0.0,0
0.0,0,0.0,1.0454545454545452,0.13286956521739146,0.0,0.0,0.0,0.0,0.0,0.0,-0.45,0.0,0.0,0.04152249134948106,0.0,0.0,0.7368511325397706,0.0,0.0,0.0,0.29508939855451366,0.0,0.0,0.0,0.0,0.0,0
1.0,0,0.0,0.4090909090909092,-0.3819130434782607,0.0,0.0,0.0,0.0,0.0,0.0,-0.8,0.0,0.0,0.5397923875432523,0.0,0.0,1.515889528203735,0.0,0.0,0.0,0.7701473044244204,0.0,0.0,0.0,0.0,0.0,0
0.0,0,0.0,-0.409090909090909,-0.8994782608695651,0.0,0.0,0.0,0.0,0.0,0.0,-0.85,0.0,0.0,-0.12456747404844318,0.0,0.0,-0.4329627972343231,0.0,0.0,0.0,-0.3718588522664566,0.0,0.0,0.0,0.0,0.0,0
0.0,0,0.0,0.818181818181818,0.43200000000000016,0.0,0.0,0.0,0.0,0.0,0.0,2.7,0.0,0.0,-1.9653979238754322,0.0,0.0,1.7753449834375983,0.0,0.0,0.0,0.6974170451990832,0.0,0.0,0.0,0.0,0.0,0
0.0,0,0.0,0.4090909090909092,-0.3234782608695652,0.0,0.0,0.0,0.0,0.0,0.0,0.25,0.0,0.0,0.11072664359861599,0.0,0.0,1.2731389735276806,0.0,0.0,0.0,0.9875709285162285,0.0,0.0,0.0,0.0,0.0,0
0.0,0,0.0,0.818181818181818,-0.7812173913043478,0.0,0.0,0.0,0.0,0.0,0.0,0.2,1.0,0.0,-1.14878892733564,0.0,0.0,-0.9743815042829878,0.0,0.0,0.0,-1.508006607367648,0.0,0.0,0.0,0.0,0.0,0
0.0,0,0.0,0.4090909090909092,-1.009391304347826,0.0,0.0,0.0,0.0,0.0,0.0,-0.75,0.0,0.0,-0.3183391003460208,0.0,0.0,-0.14315222714349699,0.0,0.0,0.0,0.037001961312592244,0.0,0.0,0.0,0.0,0.0,0
0.0,0,0.0,-1.2272727272727273,0.21913043478260869,0.0,0.0,0.0,0.0,0.0,0.0,0.9,0.0,0.0,-0.33217993079584796,0.0,0.0,0.02296693741875308,0.0,0.0,0.0,0.29508939855451366,0.0,0.0,0.0,0.0,0.0,0
0.0,0,0.0,1.0454545454545452,-0.23026086956521735,0.0,0.0,0.0,0.0,0.0,0.0,1.55,0.0,0.0,-0.9550173010380621,0.0,0.0,-0.32304790163369523,0.0,1.0,0.0,-1.125799032094307,0.0,0.0,0.0,0.0,0.0,0
0.0,0,0.0,-1.2272727272727273,0.3471304347826089,0.0,0.0,0.0,0.0,0.0,0.0,-1.15,0.0,0.0,0.013840830449826692,0.0,0.0,0.17727035019174733,0.0,0.0,0.0,0.4784527681828713,0.0,0.0,0.0,0.0,0.0,0
0.0,0,0.0,-0.409090909090909,-0.9551304347826086,0.0,0.0,0.0,0.0,0.0,0.0,-0.75,0.0,0.0,-0.5674740484429066,0.0,0.0,-0.5786789411944693,0.0,0.0,0.0,-0.5590544543913121,0.0,0.0,0.0,0.0,0.0,0
0.0,0,0.0,-0.409090909090909,-0.12173913043478261,0.0,0.0,0.0,0.0,0.0,0.0,0.85,0.0,0.0,-0.4290657439446368,0.0,0.0,-0.5487425309462881,0.0,0.0,0.0,-0.5215472318171287,0.0,0.0,0.0,0.0,0.0,0
0.0,0,0.0,-0.18181818181818177,0.4570434782608695,0.0,0.0,0.0,0.0,0.0,0.0,0.35,0.0,0.0,-0.09688581314878882,0.0,0.0,0.9997774910128062,0.0,0.0,0.0,0.6245581736004762,0.0,0.0,0.0,0.0,0.0,0
0.0,0,0.0,0.818181818181818,-0.7812173913043478,0.0,0.0,0.0,0.0,0.0,0.0,0.2,0.0,0.0,-1.14878892733564,0.0,0.0,-0.9743815042829878,0.0,0.0,0.0,-1.508006607367648,0.0,0.0,0.0,0.0,0.0,0
0.0,0,0.0,-0.18181818181818177,0.5836521739130437,0.0,0.0,0.0,0.0,0.0,0.0,1.85,0.0,0.0,-0.8166089965397922,0.0,0.0,-0.4049578237362749,0.0,0.0,0.0,-1.2400894830563185,0.0,0.0,0.0,0.0,0.0,0
0.0,0,0.0,0.22727272727272727,-0.354086956521739,0.0,0.0,0.0,0.0,0.0,0.0,0.75,0.0,0.0,-0.5397923875432525,0.0,0.0,-0.5786789411944693,0.0,0.0,0.0,-0.5590544543913121,0.0,0.0,0.0,0.0,0.0,0
0.0,0,0.0,0.4090909090909092,0.5697391304347829,0.0,0.0,0.0,0.0,0.0,0.0,-0.15,0.0,0.0,0.4982698961937712,0.0,0.0,-0.07039607370460711,0.0,0.0,0.0,0.6974170451990832,0.0,0.0,0.0,0.0,0.0,1
0.0,0,0.0,0.0,-0.832695652173913,0.0,0.0,0.0,0.0,0.0,1.0,0.1,0.0,0.0,-0.44290657439446346,0.0,0.0,0.5480055264682485,0.0,0.0,0.0,0.037001961312592244,0.0,0.0,0.0,0.0,0.0,1
0.0,0,0.0,0.22727272727272727,-0.369391304347826,0.0,0.0,0.0,0.0,0.0,0.0,-0.4,0.0,0.0,0.11072664359861599,0.0,0.0,0.6869557090602301,0.0,0.0,0.0,0.22151494837426974,0.0,0.0,0.0,0.0,0.0,1
0.0,0,0.0,-0.409090909090909,0.5697391304347829,0.0,0.0,1.0,0.0,0.0,0.0,-0.8,0.0,0.0,1.2456747404844288,0.0,0.0,-0.07039607370460711,0.0,0.0,0.0,0.6974170451990832,0.0,0.0,0.0,0.0,0.0,1
0.0,0,0.0,0.0,-0.369391304347826,0.0,0.0,0.0,0.0,0.0,0.0,0.05,0.0,0.0,-0.4013840830449829,0.0,0.0,0.6869557090602301,0.0,0.0,0.0,0.22151494837426974,0.0,0.0,0.0,0.0,0.0,1
0.0,0,0.0,0.22727272727272727,0.3471304347826089,0.0,0.0,0.0,0.0,0.0,0.0,-1.05,0.0,0.0,0.9826989619377158,0.0,0.0,0.17727035019174733,0.0,0.0,0.0,0.4784527681828713,0.0,0.0,0.0,0.0,0.0,1
0.0,0,0.0,-0.409090909090909,0.5697391304347829,0.0,0.0,0.0,0.0,0.0,0.0,-0.75,0.0,0.0,1.176470588235294,1.0,0.0,-0.07039607370460711,0.0,0.0,0.0,0.6974170451990832,0.0,0.0,0.0,0.0,0.0,1
0.0,0,0.0,-0.5909090909090908,0.29426086956521746,0.0,0.0,0.0,0.0,0.0,0.0,0.05,0.0,0.0,-0.08304498269896211,0.0,0.0,-0.35000918416049387,1.0,0.0,0.0,-0.22271233228884113,0.0,0.0,0.0,0.0,0.0,1
0.0,0,0.0,-0.409090909090909,-0.48626086956521725,0.0,0.0,0.0,0.0,0.0,0.0,-0.3,0.0,0.0,0.6920415224913493,0.0,0.0,-1.748492870968563,0.0,0.0,0.0,-2.7554564765179728,0.0,0.0,0.0,1.0,0.0,1
0.0,0,0.0,-0.409090909090909,0.17739130434782607,0.0,0.0,0.0,0.0,0.0,0.0,-0.85,0.0,0.0,-0.22145328719723198,0.0,0.0,0.0456933789280251,0.0,0.0,0.0,0.3318274136077666,0.0,0.0,0.0,0.0,0.0,1
0.0,0,0.0,0.818181818181818,0.4737391304347828,0.0,0.0,0.0,0.0,0.0,0.0,-0.05,0.0,0.0,0.04152249134948106,0.0,0.0,0.4564157620502228,0.0,0.0,0.0,-0.07410376305583988,0.0,0.0,0.0,0.0,0.0,1
0.0,0,0.0,-1.0,0.17739130434782607,0.0,0.0,0.0,0.0,0.0,0.0,0.2,0.0,0.0,-0.15224913494809705,0.0,0.0,0.0456933789280251,0.0,0.0,0.0,0.3318274136077666,0.0,0.0,0.0,0.0,0.0,1
0.0,0,0.0,-0.818181818181818,0.29426086956521746,0.0,0.0,0.0,0.0,0.0,0.0,-0.1,0.0,0.0,-0.06920415224913494,0.0,0.0,-0.35000918416049387,0.0,0.0,0.0,-0.22271233228884113,0.0,0.0,0.0,0.0,0.0,1
0.0,0,0.0,0.0,0.17739130434782607,0.0,0.0,0.0,0.0,0.0,0.0,-0.75,0.0,0.0,0.8027681660899654,0.0,0.0,0.0456933789280251,0.0,0.0,0.0,0.3318274136077666,0.0,0.0,0.0,0.0,0.0,1
0.0,0,0.0,-1.0,-1.4657391304347824,0.0,0.0,0.0,0.0,0.0,1.0,1.65,0.0,0.0,-0.8166089965397922,0.0,0.0,-1.5987538244054817,0.0,0.0,0.0,-3.7570050903438212,0.0,0.0,0.0,0.0,0.0,1
0.0,0,0.0,-0.5909090909090908,-1.2681739130434782,0.0,0.0,0.0,0.0,0.0,0.0,0.45,0.0,0.0,-0.5674740484429066,0.0,0.0,-1.4586823008777374,0.0,0.0,0.0,-1.3546978494513182,0.0,0.0,0.0,0.0,0.0,1
0.0,0,0.0,-0.409090909090909,-1.183304347826087,0.0,0.0,0.0,0.0,0.0,0.0,-1.1,0.0,0.0,-0.35986159169550186,0.0,0.0,-2.271900227071754,0.0,0.0,0.0,-3.3133214169636123,0.0,0.0,0.0,0.0,0.0,1
0.0,0,0.0,0.0,0.19408695652173916,0.0,0.0,0.0,0.0,0.0,0.0,1.2,0.0,0.0,-0.5397923875432525,0.0,0.0,0.8489977561857721,0.0,0.0,0.0,0.9514132419900104,0.0,0.0,0.0,0.0,0.0,1
0.0,1,0.0,1.636363636363636,0.928695652173913,0.0,0.0,0.0,0.0,0.0,0.0,1.55,0.0,0.0,0.35986159169550136,0.0,0.0,0.985162248356175,0.0,0.0,0.0,0.07397072211707124,0.0,0.0,0.0,0.0,0.0,1
0.0,0,0.0,1.636363636363636,0.928695652173913,0.0,0.0,0.0,0.0,0.0,0.0,0.6,0.0,0.0,0.4290657439446363,0.0,0.0,0.985162248356175,0.0,0.0,0.0,0.07397072211707124,0.0,0.0,0.0,0.0,0.0,1
0.0,0,0.0,1.0454545454545452,0.928695652173913,0.0,0.0,0.0,0.0,0.0,0.0,-0.2,0.0,0.0,1.038062283737024,0.0,0.0,0.985162248356175,0.0,0.0,0.0,0.07397072211707124,0.0,0.0,0.0,0.0,0.0,1
0.0,0,0.0,0.6363636363636365,0.928695652173913,0.0,0.0,0.0,0.0,0.0,0.0,-0.15,0.0,0.0,0.8858131487889269,0.0,0.0,0.985162248356175,0.0,0.0,0.0,0.07397072211707124,0.0,0.0,0.0,0.0,0.0,1
0.0,0,0.0,-0.818181818181818,-0.23304347826086957,0.0,0.0,0.0,0.0,0.0,0.0,1.4,0.0,0.0,0.19377162629757763,0.0,0.0,0.2607558479227891,0.0,0.0,0.0,0.22151494837426974,0.0,0.0,0.0,0.0,0.0,1
0.0,0,0.0,-0.5909090909090908,0.6810434782608698,0.0,0.0,0.0,0.0,0.0,0.0,-0.7,0.0,0.0,1.3010380622837365,0.0,0.0,0.9407165586449723,0.0,0.0,0.0,0.5515702339599244,0.0,0.0,0.0,0.0,0.0,1
0.0,0,0.0,-1.6363636363636362,0.6810434782608698,0.0,0.0,0.0,0.0,0.0,0.0,-0.1,0.0,0.0,0.3321799307958475,0.0,0.0,0.9407165586449723,0.0,0.0,0.0,0.5515702339599244,0.0,0.0,0.0,0.0,0.0,1
0.0,0,0.0,-0.409090909090909,0.6810434782608698,0.0,0.0,0.0,0.0,0.0,0.0,-0.85,0.0,0.0,1.038062283737024,0.0,0.0,0.9407165586449723,0.0,0.0,1.0,0.5515702339599244,0.0,0.0,0.0,0.0,0.0,1
0.0,0,0.0,-0.409090909090909,0.6810434782608698,0.0,0.0,0.0,0.0,0.0,0.0,-0.3,0.0,0.0,0.6505190311418683,0.0,0.0,0.9407165586449723,0.0,0.0,1.0,0.5515702339599244,0.0,0.0,0.0,0.0,0.0,1
0.0,0,0.0,-0.18181818181818177,0.6810434782608698,0.0,0.0,0.0,0.0,0.0,0.0,-0.25,0.0,0.0,0.3875432525951557,0.0,0.0,0.9407165586449723,0.0,0.0,0.0,0.5515702339599244,0.0,0.0,0.0,0.0,0.0,1
0.0,0,0.0,-0.5909090909090908,0.011826086956521858,0.0,0.0,0.0,0.0,0.0,0.0,-0.2,0.0,0.0,0.2906574394463664,0.0,0.0,-0.09437814459971927,0.0,0.0,0.0,0.11090634193924052,0.0,0.0,0.0,0.0,0.0,1
0.0,0,0.0,-0.409090909090909,0.41391304347826086,0.0,0.0,0.0,0.0,0.0,0.0,-0.05,0.0,0.0,-0.055363321799308245,0.0,0.0,-0.5487425309462881,0.0,0.0,0.0,0.0,0.0,0.0,0.0,0.0,0.0,1
0.0,0,0.0,0.0,-0.4361739130434782,0.0,0.0,0.0,0.0,0.0,0.0,0.2,0.0,0.0,0.4152249134948096,0.0,0.0,-0.9743815042829878,0.0,0.0,0.0,-1.5464230960737873,0.0,0.0,0.0,0.0,0.0,1
0.0,0,0.0,-0.818181818181818,0.12313043478260881,0.0,0.0,0.0,0.0,0.0,0.0,-0.05,0.0,0.0,0.6366782006920411,0.0,0.0,0.5299941755227747,0.0,0.0,0.0,0.9514132419900104,0.0,0.0,0.0,0.0,0.0,1
0.0,0,0.0,-0.5909090909090908,0.12313043478260881,0.0,0.0,0.0,0.0,0.0,0.0,0.1,0.0,0.0,0.2906574394463664,0.0,0.0,0.5299941755227747,0.0,0.0,0.0,0.9514132419900104,0.0,0.0,0.0,0.0,0.0,1
0.0,0,0.0,-1.409090909090909,0.8702608695652175,0.0,0.0,0.0,0.0,0.0,0.0,0.85,0.0,0.0,0.17993079584775093,0.0,0.0,0.9704479185521353,0.0,0.0,0.0,0.07397072211707124,0.0,0.0,0.0,0.0,0.0,1
0.0,0,0.0,-1.0,0.8702608695652175,0.0,0.0,0.0,0.0,0.0,0.0,-0.1,0.0,0.0,0.6089965397923872,0.0,0.0,0.9704479185521353,0.0,0.0,0.0,0.07397072211707124,0.0,0.0,0.0,0.0,0.0,1
0.0,0,0.0,0.0,-0.14539130434782593,0.0,0.0,0.0,0.0,0.0,0.0,-0.5,0.0,0.0,1.2456747404844288,0.0,0.0,1.0714128825714393,0.0,0.0,0.0,0.7337982229734086,0.0,0.0,0.0,0.0,0.0,1
0.0,0,0.0,1.636363636363636,0.05634782608695668,0.0,0.0,0.0,0.0,0.0,0.0,2.1,0.0,0.0,-1.1211072664359862,0.0,0.0,0.11247881241727664,0.0,0.0,0.0,0.0,0.0,0.0,0.0,0.0,0.0,1
0.0,0,0.0,-0.409090909090909,0.05634782608695668,0.0,0.0,0.0,0.0,0.0,0.0,0.0,0.0,0.0,0.2906574394463664,0.0,0.0,0.11247881241727664,0.0,0.0,0.0,0.0,0.0,0.0,0.0,0.0,0.0,1
0.0,0,0.0,-0.18181818181818177,0.45565217391304347,0.0,0.0,0.0,0.0,0.0,0.0,-0.15,0.0,0.0,0.0,0.0,0.0,-0.32304790163369523,0.0,0.0,0.0,-0.18550990885619978,0.0,0.0,0.0,0.0,0.0,1
0.0,0,0.0,-0.409090909090909,0.8243478260869566,0.0,0.0,0.0,0.0,0.0,0.0,0.55,0.0,0.0,0.34602076124567466,0.0,0.0,0.8645559255544425,0.0,0.0,0.0,0.9875709285162285,0.0,0.0,0.0,0.0,0.0,1
0.0,0,0.0,1.636363636363636,-0.08556521739130422,0.0,0.0,0.0,0.0,0.0,0.0,0.6,0.0,0.0,0.3875432525951557,0.0,0.0,1.0994178560694865,0.0,0.0,0.0,0.7701473044244204,0.0,0.0,0.0,0.0,0.0,1
0.0,0,0.0,0.0,0.32486956521739124,0.0,0.0,0.0,0.0,0.0,0.0,0.65,0.0,0.0,0.013840830449826692,0.0,0.0,2.0070694282846198,0.0,0.0,0.0,0.9875709285162285,0.0,0.0,0.0,0.0,0.0,1
0.0,0,0.0,-0.409090909090909,0.6156521739130435,0.0,0.0,0.0,0.0,0.0,0.0,-0.9,0.0,0.0,0.6089965397923872,0.0,0.0,1.0572737098750158,0.0,0.0,0.0,0.18467839594075103,0.0,0.0,0.0,0.0,0.0,1
0.0,0,0.0,-0.409090909090909,0.6156521739130435,0.0,0.0,0.0,0.0,0.0,0.0,-0.5,0.0,0.0,0.23529411764705868,0.0,0.0,1.0572737098750158,0.0,0.0,0.0,0.18467839594075103,0.0,0.0,0.0,0.0,0.0,1
0.0,0,0.0,-0.5909090909090908,0.6156521739130435,0.0,0.0,0.0,0.0,0.0,0.0,0.55,0.0,0.0,-0.027681660899653876,0.0,0.0,1.0572737098750158,0.0,0.0,0.0,0.18467839594075103,0.0,0.0,0.0,0.0,0.0,1
0.0,0,0.0,-0.409090909090909,0.6156521739130435,0.0,0.0,0.0,0.0,0.0,0.0,0.7,0.0,0.0,0.34602076124567466,0.0,0.0,1.0572737098750158,0.0,0.0,0.0,0.18467839594075103,0.0,0.0,0.0,0.0,0.0,1
0.0,0,0.0,0.22727272727272727,0.6156521739130435,0.0,0.0,0.0,0.0,0.0,0.0,0.8,0.0,0.0,0.11072664359861599,0.0,0.0,1.0572737098750158,0.0,0.0,0.0,0.18467839594075103,0.0,0.0,0.0,0.0,0.0,1
0.0,0,0.0,0.0,0.6156521739130435,0.0,0.0,0.0,0.0,0.0,0.0,0.25,0.0,0.0,0.12456747404844269,0.0,0.0,1.0572737098750158,0.0,0.0,0.0,0.18467839594075103,0.0,0.0,0.0,0.0,0.0,1
0.0,0,0.0,2.0454545454545454,-1.1290434782608694,0.0,0.0,1.0,0.0,0.0,0.0,0.75,0.0,0.0,-2.006920415224913,0.0,0.0,-0.4049578237362749,0.0,0.0,0.0,-2.7554564765179728,0.0,0.0,0.0,0.0,0.0,1
0.0,0,0.0,1.8181818181818181,-1.120695652173913,0.0,0.0,0.0,0.0,0.0,0.0,0.95,0.0,0.0,-1.9653979238754322,0.0,0.0,-0.8684895112852955,0.0,0.0,0.0,-2.914077196600086,0.0,0.0,0.0,0.0,0.0,1
0.0,0,0.0,0.4090909090909092,-1.140173913043478,0.0,0.0,1.0,0.0,0.0,0.0,0.95,0.0,0.0,-1.9653979238754322,0.0,0.0,-2.47875718408875,0.0,0.0,0.0,-2.676374530641903,0.0,0.0,0.0,0.0,0.0,1
0.0,0,0.0,2.0454545454545454,-1.1540869565217389,0.0,0.0,0.0,0.0,0.0,0.0,-1.05,0.0,0.0,-2.034602076124567,0.0,0.0,-2.083054621000232,0.0,0.0,0.0,-2.3615559509995023,0.0,0.0,0.0,0.0,0.0,1
0.0,0,0.0,2.0454545454545454,-1.1540869565217389,0.0,0.0,0.0,0.0,0.0,0.0,-1.05,0.0,0.0,-2.034602076124567,0.0,0.0,-2.083054621000232,0.0,0.0,0.0,-2.3615559509995023,0.0,0.0,0.0,0.0,0.0,1
0.0,0,0.0,0.4090909090909092,-1.136,0.0,0.0,1.0,0.0,0.0,0.0,0.85,0.0,0.0,-2.366782006920415,0.0,0.0,-1.3271053296140147,0.0,0.0,0.0,-2.6368904057683404,0.0,0.0,0.0,0.0,0.0,1
0.0,0,0.0,2.0454545454545454,-1.1540869565217389,0.0,0.0,0.0,0.0,0.0,0.0,-0.9,0.0,0.0,-1.9653979238754322,0.0,0.0,-2.083054621000232,0.0,0.0,0.0,-2.3615559509995023,0.0,0.0,0.0,0.0,0.0,1
0.0,0,0.0,0.0,-1.1248695652173912,0.0,0.0,0.0,0.0,0.0,0.0,0.45,0.0,0.0,-2.089965397923875,0.0,0.0,-1.6475279069492594,0.0,0.0,0.0,-2.558035489540755,0.0,0.0,0.0,0.0,0.0,1
0.0,0,0.0,-0.409090909090909,-1.4156521739130434,0.0,0.0,0.0,0.0,0.0,0.0,-0.35,0.0,0.0,-1.4532871972318335,0.0,0.0,-1.748492870968563,0.0,0.0,0.0,-1.7776772924239577,0.0,0.0,0.0,0.0,0.0,1
0.0,0,0.0,1.8181818181818181,-1.4393043478260867,0.0,0.0,0.0,0.0,0.0,0.0,0.2,0.0,0.0,-1.6332179930795845,0.0,0.0,-0.5487425309462881,0.0,0.0,0.0,-2.4400353673984183,0.0,0.0,0.0,0.0,0.0,1
0.0,0,0.0,1.0454545454545452,0.8535652173913043,0.0,0.0,0.0,0.0,0.0,0.0,-0.1,0.0,0.0,0.5674740484429062,0.0,0.0,0.7532312505389398,0.0,0.0,0.0,0.8427494045362595,0.0,0.0,0.0,0.0,0.0,1
0.0,1,0.0,1.636363636363636,1.04,0.0,0.0,0.0,0.0,0.0,0.0,2.4,0.0,1.0,-0.9273356401384083,0.0,0.0,0.7856252150835483,0.0,0.0,0.0,-0.14834104647766322,0.0,0.0,0.0,0.0,0.0,1
0.0,0,0.0,-0.5909090909090908,-0.05773913043478249,0.0,0.0,0.0,0.0,0.0,0.0,0.35,0.0,0.0,0.3875432525951557,0.0,0.0,0.1342916124342567,0.0,0.0,0.0,0.0,0.0,0.0,0.0,0.0,0.0,1
0.0,0,0.0,-1.0,-0.05773913043478249,0.0,0.0,0.0,0.0,0.0,0.0,-0.5,0.0,0.0,0.6782006920415221,0.0,0.0,0.1342916124342567,0.0,0.0,0.0,0.0,0.0,0.0,0.0,0.0,0.0,1
0.0,0,0.0,-1.0,-0.05773913043478249,0.0,0.0,0.0,0.0,0.0,0.0,-0.6,0.0,0.0,0.6920415224913493,0.0,0.0,0.1342916124342567,0.0,0.0,0.0,0.0,0.0,0.0,0.0,0.0,0.0,1
0.0,0,0.0,-1.0,-0.05773913043478249,0.0,0.0,0.0,0.0,0.0,0.0,0.55,0.0,0.0,-0.08304498269896211,0.0,0.0,0.1342916124342567,0.0,0.0,0.0,0.0,0.0,0.0,0.0,0.0,0.0,1
0.0,0,0.0,-1.409090909090909,-0.05773913043478249,0.0,0.0,0.0,0.0,0.0,0.0,-0.15,0.0,0.0,0.8304498269896192,0.0,0.0,0.1342916124342567,0.0,0.0,0.0,0.0,0.0,0.0,0.0,1.0,0.0,1
0.0,0,0.0,-1.2272727272727273,-0.11339130434782597,0.0,0.0,0.0,0.0,0.0,0.0,-0.1,0.0,0.0,0.4982698961937712,0.0,0.0,-0.5487425309462881,0.0,0.0,0.0,0.0,0.0,0.0,0.0,0.0,0.0,1
0.0,0,0.0,0.6363636363636365,1.002434782608696,0.0,0.0,0.0,0.0,0.0,0.0,-0.7,0.0,1.0,1.0519031141868507,0.0,0.0,0.5299941755227747,0.0,0.0,0.0,0.5515702339599244,0.0,0.0,0.0,0.0,0.0,1
0.0,0,0.0,-0.18181818181818177,-0.27199999999999996,0.0,0.0,0.0,0.0,0.0,0.0,1.25,0.0,0.0,-0.3044982698961936,0.0,0.0,0.02296693741875308,0.0,0.0,0.0,0.25831859633489496,0.0,0.0,0.0,0.0,0.0,1
0.0,0,0.0,-1.2272727272727273,1.002434782608696,0.0,0.0,0.0,0.0,0.0,1.0,0.3,0.0,0.0,0.4013840830449824,0.0,0.0,0.5299941755227747,0.0,0.0,0.0,0.5515702339599244,0.0,0.0,0.0,0.0,0.0,1
0.0,0,0.0,-1.0,-0.2622608695652173,0.0,0.0,0.0,0.0,0.0,0.0,0.2,0.0,0.0,-0.6920415224913493,0.0,0.0,-0.5192134314495864,1.0,0.0,0.0,-0.44663506363039873,0.0,0.0,0.0,0.0,0.0,1
0.0,0,0.0,-0.818181818181818,-0.2622608695652173,0.0,0.0,0.0,0.0,0.0,0.0,0.15,0.0,0.0,-0.5397923875432525,0.0,0.0,-0.5192134314495864,0.0,0.0,0.0,-0.44663506363039873,0.0,0.0,0.0,0.0,0.0,1
0.0,0,0.0,0.4090909090909092,0.5488695652173915,0.0,0.0,0.0,0.0,0.0,0.0,0.05,0.0,0.0,0.04152249134948106,0.0,0.0,0.8175427804970363,0.0,0.0,0.0,-0.14834104647766322,0.0,0.0,0.0,0.0,0.0,1
0.0,0,0.0,0.4090909090909092,-0.20939130434782605,0.0,0.0,0.0,0.0,0.0,0.0,-0.85,0.0,0.0,0.19377162629757763,0.0,0.0,-0.21843221289677064,0.0,0.0,0.0,-0.44663506363039873,0.0,0.0,0.0,0.0,0.0,1
0.0,0,0.0,0.6363636363636365,-0.20939130434782605,0.0,0.0,0.0,0.0,0.0,0.0,-0.15,0.0,0.0,-0.027681660899653876,0.0,0.0,-0.21843221289677064,0.0,0.0,0.0,-0.44663506363039873,0.0,0.0,0.0,0.0,0.0,1
0.0,0,0.0,0.22727272727272727,-0.19826086956521738,0.0,0.0,0.0,1.0,0.0,0.0,-0.2,0.0,0.0,-0.013840830449827184,0.0,0.0,-0.32304790163369523,0.0,0.0,0.0,-0.18550990885619978,0.0,0.0,0.0,0.0,0.0,1
0.0,0,0.0,0.4090909090909092,-1.1179130434782607,0.0,0.0,0.0,0.0,0.0,0.0,2.6,0.0,0.0,-1.107266435986159,0.0,0.0,-1.5987538244054817,0.0,0.0,0.0,-2.479331203617351,0.0,0.0,0.0,0.0,0.0,1
0.0,0,0.0,-0.818181818181818,-0.3373913043478261,0.0,0.0,0.0,0.0,0.0,0.0,0.5,0.0,0.0,-0.04152249134948106,0.0,0.0,-0.734887009932519,0.0,0.0,0.0,-0.7471044437848271,0.0,1.0,0.0,0.0,0.0,1
0.0,0,0.0,0.6363636363636365,-0.3373913043478261,0.0,0.0,0.0,0.0,0.0,0.0,0.55,0.0,0.0,-0.3044982698961936,0.0,0.0,-0.734887009932519,0.0,0.0,0.0,-0.7471044437848271,0.0,0.0,0.0,0.0,0.0,1
0.0,0,0.0,-0.18181818181818177,-0.3373913043478261,0.0,0.0,0.0,0.0,0.0,0.0,-0.35,0.0,0.0,0.6228373702422144,0.0,0.0,-0.734887009932519,0.0,0.0,0.0,-0.7471044437848271,0.0,0.0,0.0,0.0,0.0,1
0.0,0,0.0,-1.0,-0.035478260869565174,0.0,0.0,0.0,0.0,0.0,0.0,0.15,0.0,0.0,-0.45674740484429066,0.0,0.0,0.3213278350471759,0.0,0.0,0.0,0.29508939855451366,0.0,0.0,0.0,0.0,0.0,1
0.0,0,0.0,-0.818181818181818,-0.035478260869565174,0.0,0.0,0.0,0.0,0.0,0.0,-0.75,0.0,0.0,0.775086505190311,0.0,0.0,0.3213278350471759,0.0,0.0,0.0,0.29508939855451366,0.0,0.0,0.0,0.0,0.0,1
0.0,0,0.0,-0.5909090909090908,-0.035478260869565174,0.0,0.0,0.0,0.0,0.0,0.0,-0.75,0.0,0.0,0.8304498269896192,0.0,0.0,0.3213278350471759,0.0,0.0,0.0,0.29508939855451366,0.0,0.0,0.0,0.0,0.0,1
0.0,0,0.0,-1.0,-0.035478260869565174,0.0,0.0,0.0,0.0,0.0,0.0,-0.7,0.0,0.0,0.7612456747404843,0.0,0.0,0.3213278350471759,0.0,0.0,0.0,0.29508939855451366,0.0,0.0,0.0,0.0,0.0,1
0.0,0,0.0,0.4090909090909092,0.0980869565217393,0.0,0.0,0.0,0.0,0.0,0.0,-0.75,0.0,0.0,0.6920415224913493,0.0,0.0,0.09044455886886775,0.0,0.0,0.0,0.3685326999127434,0.0,0.0,0.0,0.0,0.0,1
0.0,0,0.0,-1.0,0.0980869565217393,0.0,0.0,0.0,0.0,0.0,0.0,-0.05,0.0,0.0,0.05536332179930775,0.0,0.0,0.09044455886886775,0.0,0.0,0.0,0.3685326999127434,0.0,0.0,0.0,0.0,0.0,1
0.0,0,0.0,-0.5909090909090908,0.36660869565217385,0.0,0.0,0.0,0.0,0.0,0.0,-0.6,0.0,0.0,-0.11072664359861599,0.0,0.0,-0.2964174407420004,0.0,0.0,0.0,-0.14834104647766322,0.0,0.0,0.0,0.0,0.0,1
0.0,0,0.0,0.818181818181818,-0.16904347826086943,0.0,0.0,0.0,0.0,0.0,0.0,-0.9,0.0,0.0,-0.09688581314878882,0.0,0.0,0.0456933789280251,0.0,0.0,0.0,0.29508939855451366,0.0,0.0,0.0,0.0,0.0,1
0.0,0,0.0,0.4090909090909092,-0.16904347826086943,0.0,0.0,0.0,0.0,0.0,0.0,-0.9,0.0,0.0,-0.013840830449827184,0.0,0.0,0.0456933789280251,0.0,0.0,0.0,0.29508939855451366,0.0,0.0,0.0,0.0,0.0,1
0.0,0,0.0,-0.818181818181818,0.14817391304347835,0.0,0.0,0.0,0.0,0.0,0.0,-0.75,0.0,0.0,0.3183391003460208,0.0,0.0,-0.21843221289677064,0.0,0.0,0.0,0.44184531917102204,0.0,0.0,0.0,0.0,0.0,1
0.0,0,0.0,1.0454545454545452,0.14817391304347835,0.0,0.0,0.0,0.0,0.0,0.0,-0.7,0.0,0.0,0.3183391003460208,0.0,0.0,-0.21843221289677064,0.0,0.0,0.0,0.44184531917102204,0.0,0.0,0.0,0.0,0.0,1
0.0,0,0.0,1.4545454545454546,0.14817391304347835,0.0,0.0,0.0,0.0,0.0,0.0,-0.4,0.0,0.0,-0.055363321799308245,0.0,0.0,-0.21843221289677064,0.0,0.0,0.0,0.44184531917102204,0.0,0.0,0.0,0.0,0.0,1
0.0,0,0.0,0.0,0.14817391304347835,0.0,0.0,0.0,0.0,0.0,0.0,-0.7,0.0,0.0,-0.34602076124567466,0.0,0.0,-0.21843221289677064,0.0,0.0,0.0,0.44184531917102204,0.0,1.0,0.0,0.0,0.0,1
0.0,0,0.0,0.0,0.14817391304347835,0.0,0.0,0.0,0.0,0.0,0.0,-0.7,0.0,0.0,-0.34602076124567466,0.0,0.0,-0.21843221289677064,0.0,0.0,0.0,0.44184531917102204,0.0,0.0,0.0,0.0,0.0,1
0.0,0,0.0,-0.5909090909090908,0.39721739130434797,0.0,0.0,0.0,0.0,0.0,0.0,-0.15,0.0,0.0,-0.8858131487889273,0.0,0.0,-0.4049578237362749,0.0,0.0,0.0,-0.3345215763516463,0.0,0.0,0.0,0.0,1.0,1
0.0,0,0.0,-1.0,-0.7659130434782608,0.0,0.0,0.0,0.0,0.0,0.0,0.7,0.0,0.0,-0.7750865051903114,0.0,0.0,-0.834309980755243,0.0,0.0,0.0,-1.3164596275397478,0.0,0.0,0.0,0.0,0.0,1
0.0,0,0.0,-0.409090909090909,-0.08417391304347822,0.0,0.0,0.0,0.0,0.0,0.0,-0.75,0.0,0.0,0.6782006920415221,0.0,0.0,0.0,0.0,0.0,0.0,0.22151494837426974,0.0,1.0,0.0,0.0,0.0,1
0.0,0,0.0,-0.409090909090909,-0.08417391304347822,0.0,0.0,0.0,0.0,0.0,0.0,-0.75,0.0,0.0,0.6643598615916955,0.0,0.0,0.0,0.0,0.0,0.0,0.22151494837426974,0.0,0.0,0.0,0.0,0.0,1
0.0,0,0.0,-0.818181818181818,-0.08417391304347822,0.0,0.0,0.0,0.0,0.0,0.0,-0.5,0.0,0.0,0.26297577854671256,0.0,0.0,0.0,0.0,0.0,0.0,0.22151494837426974,0.0,0.0,0.0,0.0,0.0,1
0.0,0,0.0,-1.0,-0.08417391304347822,0.0,0.0,0.0,0.0,0.0,0.0,-0.35,0.0,0.0,0.05536332179930775,0.0,0.0,0.0,0.0,0.0,0.0,0.22151494837426974,0.0,0.0,0.0,0.0,0.0,1
0.0,0,0.0,0.0,-0.08417391304347822,0.0,0.0,0.0,0.0,0.0,0.0,-0.75,0.0,0.0,0.5813148788927334,0.0,0.0,0.0,0.0,0.0,0.0,0.22151494837426974,0.0,0.0,0.0,0.0,0.0,1
0.0,0,0.0,-0.409090909090909,-0.08417391304347822,0.0,0.0,0.0,0.0,0.0,0.0,-0.75,0.0,0.0,0.6782006920415221,0.0,0.0,0.0,0.0,0.0,0.0,0.22151494837426974,0.0,0.0,1.0,0.0,0.0,1
0.0,0,0.0,0.22727272727272727,0.2233043478260871,0.0,0.0,0.0,0.0,0.0,0.0,-0.7,0.0,0.0,0.3044982698961936,0.0,0.0,0.02296693741875308,0.0,0.0,0.0,-0.14834104647766322,0.0,0.0,0.0,0.0,0.0,1
0.0,0,0.0,-0.818181818181818,0.2233043478260871,0.0,0.0,0.0,0.0,0.0,0.0,-0.05,0.0,0.0,-0.3044982698961936,0.0,0.0,0.02296693741875308,0.0,0.0,0.0,-0.14834104647766322,0.0,0.0,0.0,0.0,0.0,1
0.0,0,0.0,-0.409090909090909,-0.2873043478260868,0.0,0.0,0.0,0.0,0.0,0.0,0.6,0.0,0.0,-0.16608996539792376,0.0,0.0,0.24018360543194855,0.0,0.0,0.0,0.18467839594075103,0.0,1.0,0.0,0.0,0.0,1
0.0,0,1.0,0.6363636363636365,0.0006956521739132016,0.0,0.0,0.0,0.0,0.0,0.0,0.45,0.0,0.0,-0.17993079584775093,0.0,0.0,-0.5786789411944693,0.0,0.0,0.0,0.0,0.0,0.0,0.0,0.0,0.0,1
0.0,0,0.0,-1.0,0.0006956521739132016,0.0,0.0,0.0,0.0,0.0,0.0,2.2,0.0,0.0,-1.3148788927335637,0.0,0.0,-0.5786789411944693,0.0,0.0,0.0,0.0,0.0,0.0,0.0,0.0,0.0,1
0.0,0,0.0,-0.818181818181818,0.0006956521739132016,0.0,0.0,0.0,0.0,0.0,0.0,0.1,0.0,0.0,0.0,0.0,0.0,-0.5786789411944693,0.0,0.0,0.0,0.0,0.0,0.0,0.0,0.0,0.0,1
0.0,0,0.0,-0.818181818181818,0.0006956521739132016,0.0,0.0,0.0,0.0,0.0,0.0,-0.4,0.0,0.0,0.5121107266435985,0.0,0.0,-0.5786789411944693,0.0,0.0,0.0,0.0,0.0,0.0,0.0,0.0,0.0,1
0.0,0,0.0,-0.818181818181818,0.0006956521739132016,0.0,0.0,0.0,0.0,0.0,0.0,-0.35,0.0,0.0,0.47058823529411736,0.0,0.0,-0.5786789411944693,0.0,0.0,0.0,0.0,0.0,0.0,0.0,0.0,0.0,1
0.0,0,0.0,-1.0,0.0006956521739132016,0.0,0.0,0.0,0.0,0.0,0.0,-0.05,0.0,0.0,0.15224913494809655,0.0,0.0,-0.5786789411944693,0.0,0.0,0.0,0.0,0.0,0.0,0.0,0.0,0.0,1
0.0,0,0.0,-0.818181818181818,0.0006956521739132016,0.0,0.0,0.0,0.0,0.0,0.0,0.1,0.0,0.0,0.0,0.0,0.0,-0.5786789411944693,0.0,0.0,0.0,0.0,0.0,0.0,0.0,0.0,0.0,1
0.0,0,0.0,-0.818181818181818,0.04660869565217403,0.0,0.0,0.0,0.0,0.0,0.0,0.45,0.0,0.0,-0.4982698961937717,0.0,0.0,-0.4900807076882382,0.0,0.0,0.0,0.11090634193924052,0.0,0.0,0.0,0.0,0.0,1
0.0,0,0.0,-1.0,0.3026086956521739,0.0,0.0,0.0,0.0,0.0,0.0,-0.25,0.0,0.0,0.17993079584775093,0.0,0.0,-0.21843221289677064,0.0,0.0,0.0,-0.03703522150701221,0.0,0.0,0.0,0.0,0.0,1
0.0,0,0.0,0.22727272727272727,0.3026086956521739,0.0,0.0,0.0,0.0,0.0,0.0,0.45,0.0,0.0,-0.4705882352941176,0.0,0.0,-0.21843221289677064,0.0,0.0,0.0,-0.03703522150701221,0.0,0.0,0.0,0.0,0.0,1
0.0,0,0.0,0.4090909090909092,0.3026086956521739,0.0,0.0,0.0,0.0,0.0,0.0,1.2,0.0,0.0,-0.9826989619377162,0.0,0.0,-0.21843221289677064,0.0,0.0,0.0,-0.03703522150701221,0.0,0.0,0.0,0.0,0.0,1
0.0,0,0.0,-0.409090909090909,0.3026086956521739,0.0,0.0,0.0,0.0,0.0,0.0,0.05,0.0,0.0,-0.34602076124567466,0.0,0.0,-0.21843221289677064,0.0,0.0,0.0,-0.03703522150701221,0.0,0.0,0.0,0.0,0.0,1
0.0,0,0.0,-0.818181818181818,0.3026086956521739,0.0,0.0,0.0,0.0,0.0,0.0,-0.35,0.0,0.0,0.27681660899653976,0.0,0.0,-0.21843221289677064,0.0,0.0,0.0,-0.03703522150701221,0.0,1.0,0.0,0.0,0.0,1
0.0,0,0.0,-0.18181818181818177,-0.13008695652173904,0.0,0.0,0.0,0.0,0.0,0.0,1.65,0.0,0.0,-1.273356401384083,0.0,0.0,0.2607558479227891,0.0,0.0,0.0,0.18467839594075103,0.0,0.0,0.0,0.0,0.0,1
0.0,0,0.0,0.22727272727272727,-0.13008695652173904,0.0,0.0,0.0,0.0,0.0,0.0,0.75,0.0,0.0,-0.26297577854671306,0.0,0.0,0.2607558479227891,0.0,0.0,0.0,0.18467839594075103,0.0,0.0,0.0,0.0,0.0,1
0.0,0,0.0,-0.18181818181818177,-0.13008695652173904,0.0,0.0,0.0,0.0,0.0,0.0,1.1,0.0,0.0,-0.8996539792387541,0.0,0.0,0.2607558479227891,0.0,0.0,0.0,0.18467839594075103,0.0,0.0,0.0,0.0,0.0,1
0.0,0,0.0,1.0454545454545452,-0.13008695652173904,0.0,0.0,0.0,0.0,0.0,0.0,0.55,0.0,0.0,-0.5397923875432525,0.0,0.0,0.2607558479227891,0.0,0.0,0.0,0.18467839594075103,0.0,0.0,0.0,0.0,0.0,1
0.0,0,0.0,-0.18181818181818177,-0.13008695652173904,0.0,0.0,0.0,0.0,0.0,0.0,0.05,0.0,0.0,0.17993079584775093,0.0,0.0,0.2607558479227891,0.0,0.0,0.0,0.18467839594075103,0.0,0.0,0.0,0.0,0.0,1
0.0,0,0.0,-0.5909090909090908,-0.13008695652173904,0.0,0.0,0.0,0.0,0.0,0.0,0.25,0.0,0.0,0.06920415224913494,0.0,0.0,0.2607558479227891,0.0,0.0,0.0,0.18467839594075103,0.0,0.0,0.0,0.0,0.0,1
0.0,0,0.0,-0.818181818181818,-0.13008695652173904,0.0,0.0,0.0,0.0,0.0,0.0,0.4,0.0,0.0,-0.08304498269896211,0.0,0.0,0.2607558479227891,0.0,0.0,0.0,0.18467839594075103,0.0,0.0,0.0,0.0,0.0,1
0.0,0,0.0,0.4090909090909092,-0.13008695652173904,0.0,0.0,0.0,0.0,0.0,0.0,-0.35,0.0,0.0,0.2076124567474048,0.0,0.0,0.2607558479227891,0.0,0.0,0.0,0.18467839594075103,0.0,0.0,0.0,0.0,0.0,1
0.0,0,0.0,-0.18181818181818177,0.18991304347826096,0.0,0.0,0.0,0.0,0.0,0.0,0.65,0.0,0.0,-0.4705882352941176,0.0,0.0,0.38025512895969293,0.0,0.0,0.0,0.3318274136077666,0.0,0.0,0.0,0.0,0.0,1
0.0,0,0.0,-0.5909090909090908,0.18991304347826096,0.0,0.0,0.0,0.0,0.0,0.0,-0.15,0.0,0.0,0.05536332179930775,0.0,0.0,0.38025512895969293,0.0,0.0,0.0,0.3318274136077666,0.0,0.0,0.0,0.0,0.0,1
0.0,0,0.0,-0.818181818181818,0.18991304347826096,0.0,0.0,0.0,0.0,0.0,0.0,-0.15,0.0,0.0,0.24913494809688586,0.0,0.0,0.38025512895969293,0.0,0.0,0.0,0.3318274136077666,0.0,1.0,0.0,0.0,0.0,1
0.0,0,0.0,-0.818181818181818,0.18991304347826096,0.0,0.0,0.0,0.0,0.0,0.0,0.0,0.0,0.0,-0.12456747404844318,0.0,0.0,0.38025512895969293,0.0,0.0,0.0,0.3318274136077666,0.0,0.0,0.0,0.0,0.0,1
0.0,0,0.0,0.0,0.18991304347826096,0.0,0.0,0.0,0.0,0.0,0.0,0.15,0.0,0.0,-0.27681660899653976,0.0,0.0,0.38025512895969293,0.0,0.0,0.0,0.3318274136077666,0.0,0.0,0.0,0.0,0.0,1
0.0,0,0.0,-0.409090909090909,-0.7394782608695651,0.0,0.0,0.0,0.0,0.0,0.0,1.1,0.0,0.0,-0.5674740484429066,0.0,0.0,0.6358861685204665,0.0,0.0,0.0,-1.2782568606373952,0.0,0.0,0.0,0.0,0.0,1
0.0,0,0.0,-0.818181818181818,0.04660869565217403,0.0,0.0,0.0,0.0,0.0,0.0,0.55,0.0,0.0,-0.4705882352941176,0.0,0.0,-0.4900807076882382,0.0,0.0,0.0,0.11090634193924052,0.0,0.0,0.0,0.0,0.0,1
0.0,0,0.0,-0.5909090909090908,0.04660869565217403,0.0,0.0,0.0,0.0,0.0,0.0,-0.35,0.0,0.0,0.24913494809688586,0.0,0.0,-0.4900807076882382,0.0,0.0,0.0,0.11090634193924052,0.0,0.0,0.0,0.0,0.0,1
0.0,0,0.0,-0.409090909090909,0.04660869565217403,0.0,0.0,0.0,0.0,0.0,0.0,0.15,0.0,0.0,0.04152249134948106,0.0,0.0,-0.4900807076882382,0.0,0.0,0.0,0.11090634193924052,0.0,0.0,0.0,0.0,0.0,1
0.0,0,0.0,0.6363636363636365,0.3332173913043481,0.0,0.0,0.0,0.0,0.0,0.0,-0.2,0.0,0.0,-0.4705882352941176,0.0,0.0,0.7856252150835483,0.0,0.0,0.0,-0.18550990885619978,0.0,0.0,0.0,0.0,0.0,1
0.0,0,0.0,-0.18181818181818177,0.3332173913043481,0.0,0.0,0.0,0.0,0.0,0.0,-0.75,0.0,0.0,-0.4013840830449829,0.0,0.0,0.7856252150835483,0.0,0.0,0.0,-0.18550990885619978,0.0,0.0,0.0,0.0,0.0,1
0.0,0,0.0,0.4090909090909092,-0.19547826086956518,0.0,0.0,0.0,0.0,0.0,0.0,0.25,0.0,0.0,-0.34602076124567466,0.0,0.0,0.0,0.0,0.0,0.0,-0.14834104647766322,0.0,0.0,0.0,0.0,0.0,1
0.0,0,0.0,1.636363636363636,2.3366956521739133,0.0,0.0,0.0,0.0,0.0,0.0,1.75,0.0,0.0,-0.7612456747404843,0.0,0.0,-0.32304790163369523,0.0,0.0,0.0,-0.22271233228884113,0.0,0.0,0.0,0.0,0.0,1
0.0,0,0.0,1.636363636363636,2.3366956521739133,0.0,0.0,0.0,0.0,0.0,0.0,1.75,0.0,0.0,-0.7612456747404843,0.0,0.0,-0.32304790163369523,0.0,0.0,0.0,-0.22271233228884113,0.0,0.0,0.0,0.0,0.0,1
0.0,0,0.0,0.0,0.35130434782608694,0.0,0.0,0.0,0.0,0.0,0.0,0.8,0.0,0.0,-0.7058823529411765,0.0,0.0,-0.09437814459971927,0.0,0.0,0.0,0.11090634193924052,0.0,0.0,0.0,0.0,0.0,1
0.0,0,0.0,-1.409090909090909,1.3196521739130433,0.0,0.0,0.0,0.0,0.0,0.0,1.65,0.0,0.0,-1.2318339100346019,0.0,0.0,-0.07039607370460711,0.0,0.0,0.0,0.14780888014498586,0.0,0.0,0.0,0.0,0.0,1
0.0,0,0.0,-0.5909090909090908,1.5867826086956522,0.0,0.0,0.0,0.0,0.0,0.0,0.0,0.0,0.0,0.13840830449826988,0.0,0.0,0.9997774910128062,0.0,0.0,0.0,1.1678849193804741,0.0,0.0,0.0,0.0,0.0,1
0.0,0,0.0,0.0,2.527304347826087,0.0,0.0,0.0,0.0,0.0,0.0,1.8,0.0,0.0,-1.2456747404844288,0.0,0.0,-0.24411719116280103,0.0,0.0,0.0,-0.4840741222286541,0.0,0.0,0.0,0.0,0.0,1
0.0,0,0.0,0.4090909090909092,-0.19547826086956518,0.0,0.0,0.0,0.0,0.0,0.0,0.75,0.0,0.0,-0.5397923875432525,0.0,0.0,0.0,0.0,0.0,0.0,-0.14834104647766322,0.0,0.0,0.0,0.0,0.0,1
0.0,0,0.0,-0.818181818181818,1.372521739130435,0.0,0.0,0.0,0.0,0.0,0.0,0.6,0.0,0.0,0.24913494809688586,0.0,0.0,-0.04667610719153988,0.0,0.0,0.0,0.18467839594075103,0.0,0.0,0.0,0.0,0.0,1
0.0,0,0.0,-0.818181818181818,1.7078260869565218,0.0,0.0,0.0,0.0,0.0,0.0,0.0,0.0,0.0,0.35986159169550136,0.0,0.0,0.0,0.0,0.0,0.0,0.7701473044244204,0.0,0.0,0.0,0.0,0.0,1
0.0,0,0.0,0.818181818181818,-1.2445217391304346,0.0,0.0,0.0,0.0,0.0,0.0,0.45,0.0,0.0,-1.4671280276816607,0.0,0.0,-0.09437814459971927,0.0,0.0,0.0,-0.25994837743724575,0.0,0.0,0.0,0.0,0.0,1
0.0,0,0.0,1.4545454545454546,-0.09808695652173909,0.0,0.0,0.0,0.0,0.0,0.0,-0.15,0.0,0.0,0.0,0.0,0.0,0.6869557090602301,0.0,0.0,0.0,0.7701473044244204,0.0,0.0,0.0,0.0,0.0,1
0.0,0,0.0,-0.5909090909090908,1.1930434782608696,0.0,0.0,0.0,0.0,0.0,0.0,1.05,0.0,0.0,-0.4290657439446368,0.0,0.0,-0.4049578237362749,0.0,0.0,0.0,-0.3345215763516463,0.0,0.0,0.0,0.0,0.0,1
0.0,0,0.0,-1.0,1.521391304347826,0.0,0.0,0.0,0.0,0.0,0.0,-0.65,0.0,0.0,1.2318339100346016,0.0,0.0,1.5273426172245146,0.0,0.0,0.0,1.3115700908162378,0.0,0.0,0.0,0.0,0.0,1
0.0,0,0.0,-0.5909090909090908,1.948521739130435,0.0,0.0,0.0,0.0,0.0,0.0,0.8,0.0,0.0,0.16608996539792376,0.0,0.0,-0.5487425309462881,0.0,0.0,0.0,0.0,0.0,0.0,0.0,0.0,0.0,1
0.0,0,0.0,0.22727272727272727,2.3019130434782613,0.0,0.0,0.0,0.0,0.0,0.0,0.1,0.0,0.0,0.27681660899653976,0.0,0.0,-0.16795655807227217,0.0,0.0,0.0,0.0,0.0,0.0,0.0,0.0,0.0,1
0.0,0,0.0,-0.818181818181818,1.0149565217391308,0.0,0.0,0.0,0.0,0.0,0.0,0.4,0.0,0.0,0.2214532871972315,0.0,0.0,-0.1930476506230384,0.0,0.0,0.0,0.0,0.0,0.0,0.0,0.0,0.0,1
0.0,0,0.0,0.6363636363636365,-0.16208695652173902,0.0,0.0,0.0,0.0,0.0,0.0,0.65,0.0,0.0,0.17993079584775093,0.0,0.0,0.6011597423511623,0.0,0.0,0.0,-0.40922999419579337,0.0,0.0,0.0,0.0,0.0,1
0.0,0,0.0,0.6363636363636365,-1.2445217391304346,0.0,1.0,0.0,0.0,0.0,0.0,0.3,0.0,0.0,-1.065743944636678,0.0,0.0,-0.09437814459971927,0.0,0.0,0.0,-0.25994837743724575,0.0,0.0,0.0,0.0,0.0,1
0.0,0,0.0,-0.409090909090909,1.6507826086956523,0.0,0.0,0.0,0.0,0.0,0.0,-0.4,0.0,0.0,0.5536332179930795,0.0,0.0,0.7037152929809686,1.0,0.0,0.0,1.1678849193804741,0.0,0.0,0.0,0.0,0.0,1
0.0,0,0.0,-0.409090909090909,1.6507826086956523,0.0,0.0,0.0,0.0,0.0,0.0,-0.4,0.0,0.0,0.5536332179930795,0.0,0.0,0.7037152929809686,0.0,0.0,0.0,1.1678849193804741,0.0,0.0,0.0,0.0,0.0,1
0.0,0,0.0,1.0454545454545452,-1.375304347826087,0.0,0.0,0.0,0.0,0.0,0.0,1.45,0.0,0.0,-1.6332179930795845,0.0,0.0,-1.3271053296140147,0.0,0.0,0.0,-2.6368904057683404,0.0,0.0,0.0,0.0,0.0,1
0.0,0,0.0,-0.5909090909090908,-0.2372173913043478,0.0,0.0,0.0,0.0,0.0,0.0,0.2,0.0,0.0,0.19377162629757763,0.0,0.0,-0.2964174407420004,0.0,0.0,0.0,-0.18550990885619978,0.0,0.0,0.0,0.0,0.0,1
0.0,0,0.0,0.0,2.3366956521739133,0.0,0.0,0.0,0.0,0.0,0.0,0.05,0.0,0.0,0.35986159169550136,0.0,0.0,-0.32304790163369523,0.0,1.0,0.0,-0.22271233228884113,0.0,0.0,0.0,0.0,0.0,1
0.0,0,0.0,1.636363636363636,-1.298782608695652,0.0,0.0,0.0,0.0,0.0,0.0,-1.15,0.0,0.0,-0.5674740484429066,0.0,0.0,0.6011597423511623,0.0,0.0,0.0,0.6610037143690778,0.0,0.0,0.0,0.0,0.0,1
0.0,0,0.0,-1.0,-1.4434782608695653,0.0,0.0,0.0,0.0,0.0,0.0,1.3,0.0,0.0,-1.9377162629757783,0.0,0.0,-2.3386856605610054,0.0,0.0,0.0,-2.8743647297643147,0.0,0.0,0.0,0.0,0.0,1
0.0,0,0.0,-1.0,-1.3822608695652172,0.0,0.0,0.0,0.0,0.0,0.0,1.0,0.0,0.0,-1.273356401384083,0.0,0.0,-1.5987538244054817,0.0,0.0,0.0,-2.5186645537667585,0.0,0.0,0.0,0.0,0.0,1
0.0,0,0.0,0.4090909090909092,-0.16208695652173902,0.0,0.0,0.0,0.0,0.0,0.0,0.65,0.0,0.0,0.15224913494809655,0.0,0.0,0.6011597423511623,0.0,0.0,0.0,-0.40922999419579337,0.0,0.0,0.0,0.0,0.0,1
0.0,0,0.0,-0.18181818181818177,1.0149565217391308,1.0,0.0,0.0,0.0,0.0,0.0,-0.45,0.0,0.0,0.6920415224913493,0.0,0.0,-0.1930476506230384,0.0,0.0,0.0,0.0,0.0,0.0,0.0,0.0,0.0,1
0.0,0,0.0,-0.409090909090909,1.7078260869565218,0.0,0.0,0.0,0.0,0.0,0.0,-0.5,0.0,0.0,0.9134948096885809,0.0,0.0,0.0,0.0,0.0,0.0,0.7701473044244204,0.0,0.0,0.0,0.0,0.0,1
0.0,0,0.0,0.22727272727272727,-0.8187826086956521,0.0,0.0,0.0,0.0,0.0,0.0,-0.4,0.0,0.0,1.2041522491349477,0.0,0.0,1.0142949721175243,0.0,0.0,0.0,0.6245581736004762,0.0,0.0,0.0,0.0,0.0,1
0.0,0,0.0,0.0,-0.2803478260869564,0.0,0.0,0.0,0.0,0.0,0.0,0.2,0.0,0.0,0.48442906574394456,0.0,0.0,-0.023212577771331573,0.0,0.0,0.0,-0.18550990885619978,0.0,0.0,0.0,0.0,0.0,1
0.0,0,0.0,0.0,1.6507826086956523,0.0,0.0,0.0,0.0,0.0,0.0,-0.3,0.0,0.0,0.7889273356401382,0.0,0.0,0.7037152929809686,0.0,0.0,0.0,1.1678849193804741,1.0,0.0,0.0,0.0,0.0,1
0.0,0,0.0,-0.18181818181818177,1.1930434782608696,0.0,0.0,0.0,0.0,0.0,0.0,-0.05,0.0,0.0,0.27681660899653976,0.0,0.0,-0.4049578237362749,0.0,0.0,0.0,-0.3345215763516463,0.0,0.0,0.0,0.0,0.0,1
0.0,0,0.0,-0.818181818181818,-0.32765217391304347,0.0,0.0,0.0,0.0,0.0,0.0,-0.4,0.0,0.0,0.34602076124567466,0.0,0.0,-1.5043756798057624,0.0,0.0,0.0,-1.3929715922429473,0.0,0.0,0.0,0.0,0.0,1
0.0,0,0.0,-0.818181818181818,1.4434782608695653,0.0,0.0,0.0,0.0,0.0,0.0,-0.75,0.0,0.0,1.1903114186851205,0.0,0.0,0.24018360543194855,0.0,0.0,0.0,1.09585398992875,0.0,0.0,0.0,0.0,0.0,1
0.0,0,0.0,0.4090909090909092,2.5453913043478265,0.0,0.0,0.0,0.0,0.0,0.0,1.25,0.0,0.0,-0.3183391003460208,0.0,0.0,-1.3700840673715062,0.0,0.0,0.0,-1.7004482517198671,0.0,0.0,0.0,0.0,0.0,1
0.0,0,0.0,0.0,-1.3933913043478259,0.0,0.0,0.0,0.0,0.0,0.0,0.2,0.0,0.0,-0.7058823529411765,0.0,0.0,-1.9093335035420378,0.0,0.0,0.0,-2.6368904057683404,0.0,0.0,0.0,0.0,0.0,1
0.0,0,0.0,-0.409090909090909,2.527304347826087,0.0,0.0,0.0,0.0,0.0,0.0,0.1,0.0,0.0,0.08304498269896163,0.0,0.0,-0.24411719116280103,0.0,0.0,0.0,-0.4840741222286541,0.0,0.0,0.0,0.0,0.0,1
0.0,0,0.0,0.6363636363636365,-0.16904347826086943,0.0,0.0,0.0,0.0,0.0,0.0,-0.55,0.0,0.0,0.5674740484429062,0.0,0.0,0.7203464497095696,0.0,0.0,0.0,0.25831859633489496,0.0,1.0,0.0,0.0,0.0,1
0.0,0,0.0,-0.5909090909090908,-1.4059130434782607,0.0,0.0,0.0,0.0,0.0,0.0,0.0,0.0,0.0,-0.6366782006920416,0.0,0.0,-2.023589111255349,0.0,0.0,0.0,-2.8743647297643147,0.0,0.0,0.0,0.0,0.0,1
0.0,0,0.0,2.4545454545454546,-1.4629565217391303,0.0,0.0,0.0,0.0,0.0,0.0,0.55,0.0,0.0,-1.5363321799307958,0.0,0.0,-1.6974233304288004,0.0,0.0,0.0,-2.676374530641903,0.0,0.0,0.0,0.0,0.0,1
0.0,0,0.0,0.22727272727272727,-0.22608695652173913,0.0,0.0,0.0,0.0,0.0,0.0,-0.75,0.0,0.0,0.48442906574394456,0.0,0.0,0.3013244184887987,0.0,0.0,0.0,0.25831859633489496,0.0,0.0,0.0,1.0,0.0,1
0.0,0,0.0,-0.18181818181818177,1.7078260869565218,0.0,0.0,0.0,0.0,0.0,1.0,-0.45,0.0,0.0,0.9826989619377158,0.0,0.0,0.0,0.0,0.0,0.0,0.7701473044244204,0.0,0.0,0.0,0.0,0.0,1
0.0,0,0.0,0.0,1.7634782608695652,0.0,0.0,0.0,0.0,0.0,0.0,0.4,0.0,0.0,0.6643598615916955,0.0,0.0,0.3607899282336811,0.0,0.0,0.0,0.7337982229734086,0.0,0.0,0.0,0.0,0.0,1
0.0,0,0.0,0.4090909090909092,1.5867826086956522,0.0,0.0,0.0,0.0,0.0,0.0,-0.75,0.0,0.0,1.1349480968858128,0.0,0.0,0.9997774910128062,0.0,0.0,0.0,1.1678849193804741,0.0,0.0,0.0,0.0,0.0,1
0.0,0,0.0,-0.409090909090909,0.7756521739130435,0.0,0.0,0.0,0.0,0.0,0.0,-0.15,0.0,0.0,0.9688581314878891,0.0,0.0,0.11247881241727664,0.0,0.0,0.0,0.4052053157316049,0.0,0.0,0.0,0.0,0.0,1
0.0,0,0.0,0.818181818181818,-1.2667826086956522,0.0,0.0,0.0,0.0,0.0,0.0,-0.9,0.0,0.0,-0.7612456747404843,0.0,0.0,0.3213278350471759,0.0,0.0,0.0,0.6610037143690778,0.0,0.0,0.0,0.0,0.0,1
0.0,0,0.0,0.6363636363636365,1.3196521739130433,0.0,0.0,0.0,0.0,0.0,0.0,0.0,0.0,0.0,0.775086505190311,0.0,0.0,-0.07039607370460711,0.0,0.0,0.0,0.14780888014498586,0.0,0.0,0.0,0.0,0.0,1
0.0,0,0.0,0.0,1.0149565217391308,0.0,0.0,0.0,0.0,0.0,0.0,-0.3,0.0,0.0,0.7612456747404843,0.0,0.0,-0.1930476506230384,0.0,0.0,0.0,0.0,0.0,0.0,0.0,0.0,0.0,1
0.0,0,0.0,0.22727272727272727,1.1554782608695653,0.0,0.0,0.0,0.0,1.0,0.0,-0.3,0.0,0.0,0.9550173010380619,0.0,0.0,-0.14315222714349699,0.0,0.0,0.0,0.037001961312592244,0.0,0.0,0.0,0.0,0.0,1
0.0,0,0.0,0.22727272727272727,1.521391304347826,0.0,0.0,0.0,0.0,0.0,0.0,-1.15,0.0,0.0,1.5916955017301035,0.0,0.0,1.5273426172245146,0.0,0.0,0.0,1.3115700908162378,0.0,0.0,0.0,0.0,0.0,1
0.0,0,0.0,-0.18181818181818177,2.15304347826087,0.0,0.0,0.0,0.0,0.0,0.0,-0.75,0.0,0.0,1.3840830449826986,0.0,0.0,-0.9032159374545996,0.0,0.0,0.0,-1.011824737693584,0.0,0.0,0.0,0.0,0.0,1
0.0,0,0.0,0.0,-0.19547826086956518,0.0,0.0,0.0,0.0,0.0,0.0,0.3,0.0,0.0,0.4152249134948096,0.0,0.0,0.0,0.0,1.0,0.0,-0.14834104647766322,0.0,0.0,0.0,0.0,0.0,1
0.0,0,0.0,-0.18181818181818177,1.7078260869565218,0.0,0.0,0.0,0.0,0.0,0.0,-0.55,0.0,0.0,1.0519031141868507,0.0,0.0,0.0,0.0,0.0,0.0,0.7701473044244204,0.0,0.0,0.0,0.0,0.0,1
0.0,0,0.0,-0.818181818181818,1.948521739130435,0.0,0.0,0.0,0.0,0.0,0.0,0.7,0.0,0.0,0.15224913494809655,0.0,0.0,-0.5487425309462881,0.0,0.0,0.0,0.0,0.0,0.0,0.0,0.0,0.0,1
0.0,0,0.0,-0.818181818181818,1.948521739130435,0.0,0.0,0.0,0.0,0.0,0.0,0.7,0.0,0.0,0.15224913494809655,0.0,0.0,-0.5487425309462881,0.0,0.0,0.0,0.0,0.0,0.0,0.0,0.0,0.0,1
0.0,0,0.0,-0.818181818181818,1.372521739130435,0.0,0.0,0.0,0.0,0.0,0.0,-0.45,0.0,0.0,1.1903114186851205,0.0,0.0,-0.04667610719153988,0.0,0.0,0.0,0.18467839594075103,0.0,0.0,0.0,0.0,0.0,1
0.0,0,0.0,0.818181818181818,1.5867826086956522,0.0,0.0,0.0,0.0,0.0,0.0,-0.4,0.0,0.0,0.9550173010380619,0.0,0.0,0.9997774910128062,0.0,1.0,0.0,1.1678849193804741,0.0,0.0,0.0,0.0,0.0,1
0.0,0,0.0,0.0,1.0149565217391308,0.0,0.0,0.0,0.0,0.0,0.0,0.1,0.0,0.0,0.7335640138408304,0.0,0.0,-0.1930476506230384,0.0,0.0,0.0,0.0,0.0,0.0,0.0,0.0,0.0,1
0.0,0,0.0,-0.18181818181818177,2.4883478260869563,0.0,0.0,0.0,0.0,0.0,0.0,0.15,0.0,0.0,0.013840830449826692,0.0,0.0,-0.4049578237362749,0.0,0.0,0.0,-0.7094257203977471,0.0,0.0,0.0,0.0,0.0,1
0.0,0,0.0,0.0,0.9690434782608697,0.0,0.0,0.0,0.0,0.0,0.0,-0.1,0.0,0.0,0.5536332179930795,0.0,0.0,0.2607558479227891,0.0,1.0,0.0,0.18467839594075103,0.0,0.0,0.0,0.0,0.0,1
0.0,0,0.0,1.2272727272727273,1.5867826086956522,0.0,0.0,0.0,0.0,0.0,0.0,-0.2,0.0,0.0,0.6366782006920411,0.0,0.0,0.9997774910128062,0.0,0.0,0.0,1.1678849193804741,0.0,0.0,0.0,0.0,0.0,1
0.0,0,0.0,0.4090909090909092,1.7634782608695652,0.0,0.0,0.0,0.0,0.0,0.0,1.2,0.0,0.0,0.2214532871972315,0.0,0.0,0.3607899282336811,0.0,0.0,0.0,0.7337982229734086,0.0,0.0,0.0,0.0,0.0,1
0.0,0,0.0,-0.18181818181818177,2.2462608695652175,0.0,0.0,0.0,0.0,0.0,0.0,0.15,0.0,0.0,0.4013840830449824,0.0,0.0,-0.8006603868247939,0.0,0.0,0.0,-0.3718588522664566,0.0,1.0,0.0,0.0,0.0,1
0.0,0,0.0,-1.0,-0.32904347826086944,0.0,0.0,0.0,0.0,0.0,0.0,0.45,0.0,0.0,0.6228373702422144,0.0,0.0,-0.7675245472659918,0.0,0.0,0.0,-0.2972181051276739,0.0,0.0,0.0,0.0,0.0,1
0.0,0,0.0,-1.2272727272727273,1.372521739130435,0.0,0.0,0.0,0.0,0.0,0.0,-0.35,0.0,0.0,1.038062283737024,0.0,0.0,-0.04667610719153988,0.0,0.0,0.0,0.18467839594075103,0.0,0.0,0.0,0.0,0.0,1
0.0,0,0.0,-0.5909090909090908,2.0208695652173914,0.0,0.0,0.0,0.0,0.0,0.0,1.55,0.0,0.0,-0.7058823529411765,0.0,0.0,0.28113492096551185,0.0,0.0,0.0,-0.8225654193701899,0.0,0.0,0.0,0.0,0.0,1
0.0,0,0.0,0.0,1.7078260869565218,0.0,0.0,0.0,0.0,0.0,0.0,0.55,0.0,0.0,0.5951557093425606,0.0,0.0,0.0,0.0,0.0,0.0,0.7701473044244204,0.0,0.0,0.0,0.0,0.0,1
0.0,0,0.0,-0.818181818181818,-0.2372173913043478,0.0,0.0,0.0,0.0,0.0,0.0,0.2,0.0,0.0,-0.027681660899653876,0.0,0.0,-0.2964174407420004,0.0,1.0,0.0,-0.18550990885619978,0.0,0.0,0.0,0.0,0.0,1
0.0,0,0.0,-0.18181818181818177,2.527304347826087,0.0,0.0,0.0,0.0,0.0,0.0,0.8,0.0,0.0,-0.4290657439446368,0.0,0.0,-0.24411719116280103,0.0,0.0,0.0,-0.4840741222286541,0.0,0.0,0.0,0.0,0.0,1
0.0,0,0.0,-1.0,1.372521739130435,0.0,0.0,0.0,0.0,0.0,0.0,-0.65,0.0,0.0,0.8581314878892731,0.0,0.0,-0.04667610719153988,0.0,0.0,0.0,0.18467839594075103,0.0,0.0,0.0,0.0,0.0,1
0.0,0,0.0,-0.409090909090909,-1.1610434782608694,0.0,0.0,0.0,0.0,0.0,0.0,1.1,0.0,0.0,-1.162629757785467,0.0,0.0,-1.5043756798057624,0.0,0.0,0.0,-1.3929715922429473,0.0,0.0,0.0,0.0,0.0,1
0.0,0,0.0,1.8181818181818181,-0.3819130434782607,0.0,0.0,0.0,0.0,0.0,0.0,1.8,0.0,0.0,-0.6228373702422144,0.0,0.0,1.3857475026669217,0.0,0.0,0.0,-0.3345215763516463,0.0,0.0,0.0,0.0,0.0,1
0.0,0,0.0,-0.18181818181818177,2.527304347826087,0.0,0.0,0.0,0.0,0.0,0.0,0.8,0.0,0.0,-0.4290657439446368,0.0,0.0,-0.24411719116280103,0.0,0.0,0.0,-0.4840741222286541,0.0,0.0,0.0,0.0,0.0,1
0.0,0,0.0,0.22727272727272727,-0.8410434782608696,0.0,1.0,0.0,0.0,0.0,0.0,1.9,0.0,0.0,-0.27681660899653976,0.0,0.0,0.4750455359469926,0.0,0.0,0.0,0.8790025359138297,0.0,0.0,0.0,0.0,0.0,1
0.0,0,0.0,-0.818181818181818,1.3196521739130433,0.0,0.0,0.0,0.0,0.0,0.0,1.4,0.0,0.0,-0.027681660899653876,0.0,0.0,-0.07039607370460711,0.0,0.0,0.0,0.14780888014498586,0.0,0.0,0.0,0.0,0.0,1
0.0,0,0.0,1.8181818181818181,-1.2667826086956522,0.0,0.0,0.0,0.0,0.0,0.0,-0.35,0.0,0.0,-1.4394463667820068,0.0,0.0,0.3213278350471759,0.0,0.0,0.0,0.6610037143690778,0.0,0.0,0.0,0.0,0.0,1
0.0,0,0.0,0.0,2.4563478260869562,0.0,0.0,0.0,0.0,0.0,0.0,1.75,0.0,0.0,-1.2179930795847749,0.0,0.0,0.3607899282336811,0.0,0.0,0.0,-0.7094257203977471,0.0,0.0,0.0,0.0,0.0,1
0.0,0,0.0,0.4090909090909092,1.0149565217391308,0.0,0.0,0.0,0.0,0.0,0.0,0.95,0.0,0.0,0.0,0.0,0.0,-0.1930476506230384,0.0,0.0,0.0,0.0,0.0,0.0,0.0,0.0,0.0,1
0.0,0,0.0,0.6363636363636365,1.521391304347826,0.0,0.0,0.0,0.0,0.0,0.0,0.35,0.0,0.0,0.5674740484429062,0.0,0.0,1.5273426172245146,0.0,0.0,0.0,1.3115700908162378,0.0,0.0,0.0,0.0,0.0,1
0.0,0,0.0,0.4090909090909092,1.2306086956521742,0.0,0.0,0.0,0.0,0.0,0.0,2.3,0.0,0.0,-1.038062283737024,0.0,0.0,1.3239098344642906,0.0,0.0,0.0,-0.40922999419579337,0.0,1.0,0.0,0.0,0.0,1
0.0,0,0.0,0.0,1.8066086956521739,0.0,0.0,0.0,0.0,0.0,0.0,1.15,0.0,0.0,-0.22145328719723198,0.0,0.0,-0.21843221289677064,0.0,0.0,0.0,-0.03703522150701221,0.0,0.0,0.0,0.0,0.0,1
0.0,0,0.0,-0.409090909090909,2.196173913043478,0.0,0.0,0.0,0.0,0.0,0.0,0.6,0.0,0.0,-0.26297577854671306,0.0,0.0,-0.7675245472659918,0.0,0.0,0.0,-0.8225654193701899,0.0,0.0,0.0,0.0,0.0,1
0.0,0,0.0,-0.409090909090909,1.948521739130435,0.0,0.0,0.0,0.0,0.0,0.0,0.7,0.0,0.0,-0.34602076124567466,0.0,0.0,-0.5487425309462881,0.0,0.0,0.0,0.0,0.0,0.0,0.0,0.0,0.0,1
0.0,0,0.0,-0.5909090909090908,0.718608695652174,0.0,0.0,0.0,0.0,0.0,0.0,0.3,0.0,0.0,-0.1937716262975781,0.0,0.0,1.3735201163375756,0.0,0.0,0.0,1.09585398992875,0.0,0.0,0.0,0.0,0.0,1
0.0,0,0.0,-0.5909090909090908,1.948521739130435,0.0,0.0,0.0,0.0,0.0,0.0,0.85,0.0,0.0,-0.37370242214532856,0.0,0.0,-0.5487425309462881,0.0,0.0,0.0,0.0,0.0,0.0,0.0,0.0,0.0,1
0.0,0,0.0,0.0,1.1554782608695653,0.0,0.0,0.0,0.0,0.0,0.0,0.4,0.0,0.0,0.08304498269896163,0.0,0.0,-0.14315222714349699,0.0,0.0,0.0,0.037001961312592244,0.0,1.0,0.0,0.0,0.0,1
0.0,0,0.0,0.4090909090909092,1.7078260869565218,0.0,0.0,0.0,0.0,0.0,0.0,1.1,0.0,0.0,-0.055363321799308245,0.0,0.0,0.0,0.0,0.0,0.0,0.7701473044244204,0.0,0.0,0.0,0.0,0.0,1
0.0,0,0.0,1.8181818181818181,2.3019130434782613,0.0,0.0,0.0,0.0,0.0,0.0,1.5,0.0,0.0,-0.5259515570934256,0.0,0.0,-0.16795655807227217,0.0,0.0,0.0,0.0,0.0,0.0,0.0,0.0,0.0,1
0.0,0,0.0,0.4090909090909092,1.7078260869565218,0.0,0.0,0.0,0.0,0.0,0.0,1.1,0.0,0.0,-0.055363321799308245,0.0,0.0,0.0,0.0,0.0,0.0,0.7701473044244204,0.0,0.0,0.0,0.0,0.0,1
0.0,0,0.0,1.636363636363636,2.3366956521739133,0.0,0.0,0.0,0.0,0.0,0.0,1.7,0.0,0.0,-0.6643598615916955,0.0,0.0,-0.32304790163369523,0.0,0.0,0.0,-0.22271233228884113,0.0,1.0,0.0,0.0,0.0,1
0.0,0,0.0,1.0454545454545452,-1.4462608695652173,0.0,0.0,0.0,0.0,0.0,0.0,2.0,0.0,0.0,-2.034602076124567,0.0,0.0,-2.552335597561302,0.0,0.0,0.0,-6.611215537101031,0.0,0.0,0.0,0.0,0.0,1
0.0,0,0.0,0.6363636363636365,-1.4462608695652173,0.0,0.0,0.0,0.0,0.0,0.0,1.75,0.0,0.0,-1.9653979238754322,0.0,0.0,-2.552335597561302,1.0,0.0,0.0,-6.611215537101031,0.0,0.0,0.0,0.0,0.0,1
0.0,0,0.0,-1.409090909090909,-1.4573913043478262,0.0,0.0,0.0,0.0,0.0,0.0,0.85,0.0,0.0,-2.034602076124567,0.0,0.0,-2.6284962306518316,0.0,0.0,0.0,-4.7419527383332944,0.0,0.0,0.0,0.0,0.0,1
0.0,0,0.0,0.818181818181818,-1.297391304347826,0.0,0.0,0.0,0.0,0.0,0.0,0.15,0.0,0.0,-1.259515570934256,0.0,0.0,-0.32304790163369523,0.0,0.0,0.0,-1.661887948341572,0.0,0.0,0.0,0.0,0.0,1
0.0,0,0.0,0.6363636363636365,-1.250086956521739,0.0,0.0,0.0,0.0,0.0,0.0,-0.05,0.0,0.0,-1.1211072664359862,0.0,0.0,-0.2701097812687464,0.0,0.0,0.0,-0.5215472318171287,0.0,0.0,0.0,0.0,0.0,1
0.0,0,0.0,-0.18181818181818177,-1.2208695652173913,0.0,0.0,0.0,0.0,0.0,0.0,-0.75,0.0,0.0,-0.8304498269896192,0.0,0.0,0.02296693741875308,0.0,0.0,0.0,-0.11120568465562591,0.0,0.0,0.0,0.0,0.0,1
0.0,0,0.0,2.4545454545454546,-1.3043478260869565,0.0,0.0,0.0,0.0,0.0,0.0,-0.45,0.0,0.0,-0.7750865051903114,0.0,0.0,0.7532312505389398,0.0,0.0,0.0,-0.22271233228884113,0.0,0.0,0.0,0.0,0.0,1
0.0,0,0.0,0.818181818181818,-1.3043478260869565,0.0,0.0,0.0,0.0,0.0,0.0,-0.75,0.0,0.0,-0.23529411764705868,0.0,0.0,0.7532312505389398,0.0,0.0,0.0,-0.22271233228884113,0.0,0.0,0.0,0.0,0.0,1
0.0,0,0.0,0.0,-1.1540869565217389,0.0,0.0,0.0,0.0,0.0,0.0,-0.1,0.0,0.0,-0.17993079584775093,0.0,0.0,-0.734887009932519,0.0,0.0,0.0,-0.7471044437848271,0.0,0.0,0.0,0.0,0.0,1
1.0,0,0.0,0.0,-0.16904347826086943,0.0,0.0,0.0,0.0,0.0,0.0,1.85,0.0,0.0,-0.6920415224913493,0.0,0.0,-1.085706179298491,0.0,0.0,0.0,-1.2782568606373952,0.0,0.0,0.0,0.0,0.0,1
0.0,0,0.0,-0.409090909090909,-0.657391304347826,0.0,0.0,0.0,0.0,0.0,0.0,0.4,0.0,0.0,0.7197231833910033,0.0,0.0,0.21941449638621902,0.0,0.0,0.0,-0.40922999419579337,0.0,0.0,0.0,1.0,0.0,1
0.0,0,0.0,-0.5909090909090908,-0.06330434782608692,0.0,0.0,0.0,0.0,0.0,0.0,-0.35,0.0,0.0,0.9826989619377158,0.0,0.0,0.49351675665430805,0.0,0.0,0.0,0.5150277205646006,0.0,0.0,0.0,0.0,0.0,1
0.0,0,0.0,2.4545454545454546,0.18573913043478274,0.0,0.0,0.0,0.0,0.0,0.0,-0.1,0.0,0.0,0.47058823529411736,0.0,0.0,1.5273426172245146,0.0,0.0,0.0,0.7701473044244204,0.0,0.0,0.0,0.0,0.0,1
0.0,0,0.0,-1.2272727272727273,-0.320695652173913,0.0,0.0,0.0,0.0,0.0,0.0,-0.7,0.0,0.0,1.0934256055363318,0.0,0.0,0.3213278350471759,0.0,0.0,0.0,0.6974170451990832,0.0,0.0,0.0,0.0,0.0,1
0.0,0,0.0,0.0,-0.09808695652173909,0.0,0.0,0.0,0.0,0.0,0.0,0.15,0.0,0.0,0.9411764705882352,0.0,0.0,1.113285988449243,0.0,0.0,0.0,0.7701473044244204,0.0,0.0,0.0,0.0,0.0,1
0.0,0,0.0,0.22727272727272727,-0.09808695652173909,0.0,0.0,0.0,0.0,0.0,0.0,2.0,0.0,0.0,-0.15224913494809705,0.0,0.0,1.113285988449243,0.0,0.0,0.0,0.7701473044244204,0.0,0.0,0.0,0.0,0.0,1
0.0,0,0.0,0.4090909090909092,-0.06191304347826071,0.0,0.0,0.0,0.0,0.0,0.0,0.75,0.0,0.0,0.45674740484429066,0.0,0.0,-0.5192134314495864,0.0,0.0,0.0,-0.898164855538878,0.0,0.0,0.0,0.0,0.0,1
0.0,0,0.0,0.22727272727272727,0.08417391304347842,0.0,0.0,0.0,0.0,0.0,0.0,-0.85,0.0,0.0,1.5086505190311414,0.0,0.0,0.24018360543194855,0.0,0.0,0.0,0.5880803658593001,1.0,0.0,0.0,0.0,0.0,1
0.0,0,0.0,0.4090909090909092,0.08417391304347842,0.0,0.0,0.0,0.0,0.0,0.0,-1.0,0.0,0.0,1.5086505190311414,0.0,0.0,0.24018360543194855,0.0,0.0,0.0,0.5880803658593001,0.0,0.0,0.0,0.0,0.0,1
0.0,0,0.0,0.818181818181818,0.3053913043478263,0.0,0.0,0.0,0.0,0.0,0.0,-0.1,0.0,0.0,0.5674740484429062,0.0,0.0,1.0287159908416006,0.0,0.0,0.0,1.2038532159924398,0.0,0.0,0.0,0.0,0.0,1
0.0,0,0.0,0.6363636363636365,0.3053913043478263,0.0,0.0,0.0,0.0,0.0,0.0,-0.75,0.0,0.0,1.6193771626297573,0.0,0.0,1.0287159908416006,0.0,0.0,0.0,1.2038532159924398,0.0,0.0,0.0,0.0,0.0,1
0.0,0,0.0,0.0,0.3053913043478263,0.0,0.0,0.0,0.0,0.0,0.0,-0.85,0.0,0.0,1.9100346020761243,0.0,0.0,1.0287159908416006,0.0,0.0,0.0,1.2038532159924398,0.0,0.0,0.0,0.0,0.0,1
0.0,0,0.0,-0.18181818181818177,0.3777391304347827,0.0,0.0,0.0,0.0,0.0,0.0,-0.7,0.0,0.0,1.5640138408304496,0.0,0.0,1.8749200304494942,0.0,0.0,0.0,1.2397901403399698,0.0,0.0,0.0,0.0,0.0,1
0.0,0,0.0,1.0454545454545452,0.4584347826086959,0.0,0.0,0.0,0.0,0.0,0.0,0.05,0.0,0.0,0.6643598615916955,0.0,0.0,1.4928004239259878,0.0,0.0,0.0,1.2756957471024089,0.0,0.0,0.0,0.0,0.0,1
0.0,0,0.0,-0.18181818181818177,0.4584347826086959,0.0,0.0,0.0,0.0,0.0,0.0,-0.4,0.0,0.0,0.9826989619377158,0.0,0.0,1.4928004239259878,0.0,0.0,0.0,1.2756957471024089,0.0,0.0,0.0,0.0,0.0,1
0.0,0,0.0,1.636363636363636,0.4584347826086959,0.0,0.0,0.0,0.0,0.0,0.0,1.45,0.0,0.0,0.013840830449826692,0.0,0.0,1.4928004239259878,0.0,0.0,0.0,1.2756957471024089,0.0,0.0,0.0,0.0,0.0,1
0.0,0,0.0,-1.2272727272727273,0.4584347826086959,0.0,0.0,0.0,0.0,0.0,0.0,0.8,0.0,0.0,0.17993079584775093,0.0,0.0,1.4928004239259878,0.0,0.0,0.0,1.2756957471024089,0.0,0.0,0.0,0.0,0.0,1
0.0,0,0.0,0.0,0.4584347826086959,0.0,0.0,0.0,0.0,0.0,0.0,-0.45,0.0,0.0,1.3010380622837365,0.0,0.0,1.4928004239259878,0.0,0.0,0.0,1.2756957471024089,0.0,0.0,0.0,0.0,0.0,1
0.0,0,0.0,0.22727272727272727,0.607304347826087,0.0,0.0,0.0,0.0,0.0,0.0,-1.05,0.0,0.0,1.813148788927335,0.0,0.0,0.985162248356175,0.0,0.0,0.0,1.5261626652520481,0.0,0.0,0.0,0.0,0.0,1
0.0,0,0.0,-0.818181818181818,0.6907826086956522,0.0,0.0,0.0,0.0,0.0,0.0,-0.75,0.0,0.0,1.813148788927335,0.0,0.0,0.5835859189412681,0.0,1.0,0.0,1.5618196827543744,0.0,0.0,0.0,0.0,0.0,1
0.0,0,0.0,0.22727272727272727,0.6907826086956522,0.0,0.0,0.0,0.0,0.0,0.0,-0.65,0.0,0.0,1.1349480968858128,0.0,0.0,0.5835859189412681,0.0,1.0,0.0,1.5618196827543744,0.0,0.0,0.0,0.0,0.0,1
0.0,0,0.0,0.4090909090909092,0.7742608695652174,0.0,0.0,0.0,0.0,0.0,0.0,-0.6,0.0,0.0,1.5916955017301035,0.0,1.0,1.0142949721175243,0.0,0.0,0.0,1.597445868417551,0.0,0.0,0.0,0.0,0.0,1
0.0,0,0.0,-0.818181818181818,0.9342608695652175,0.0,0.0,0.0,0.0,0.0,0.0,0.0,0.0,0.0,0.6366782006920411,0.0,1.0,1.3857475026669217,0.0,0.0,0.0,1.668605957181235,0.0,0.0,0.0,0.0,0.0,1
0.0,0,0.0,-0.409090909090909,0.9342608695652175,0.0,0.0,0.0,0.0,0.0,0.0,-0.8,0.0,0.0,1.8408304498269894,0.0,0.0,1.3857475026669217,0.0,0.0,0.0,1.668605957181235,0.0,0.0,0.0,0.0,0.0,1
0.0,0,0.0,-0.818181818181818,1.0121739130434784,0.0,0.0,0.0,0.0,0.0,0.0,-0.75,0.0,0.0,1.7993079584775078,0.0,0.0,1.0572737098750158,0.0,0.0,0.0,1.6330412755147814,0.0,0.0,0.0,0.0,0.0,1
0.0,0,0.0,-0.5909090909090908,1.0121739130434784,0.0,0.0,0.0,0.0,0.0,0.0,-0.8,0.0,0.0,1.9377162629757776,0.0,0.0,1.0572737098750158,0.0,0.0,0.0,1.6330412755147814,0.0,0.0,0.0,0.0,0.0,1
0.0,1,0.0,0.4090909090909092,1.0121739130434784,0.0,0.0,0.0,0.0,0.0,1.0,1.05,0.0,0.0,1.107266435986159,0.0,0.0,1.0572737098750158,0.0,0.0,0.0,1.6330412755147814,0.0,0.0,0.0,0.0,0.0,1
0.0,1,0.0,0.4090909090909092,1.0121739130434784,0.0,0.0,0.0,0.0,0.0,0.0,1.15,0.0,0.0,0.3183391003460208,0.0,0.0,1.0572737098750158,0.0,0.0,0.0,1.6330412755147814,0.0,0.0,0.0,0.0,0.0,1
0.0,1,0.0,0.4090909090909092,1.0121739130434784,0.0,0.0,0.0,0.0,0.0,1.0,1.15,0.0,0.0,0.3183391003460208,0.0,0.0,1.0572737098750158,0.0,0.0,0.0,1.6330412755147814,0.0,0.0,0.0,0.0,0.0,1
0.0,1,0.0,0.4090909090909092,1.0121739130434784,0.0,0.0,0.0,0.0,0.0,0.0,1.35,0.0,0.0,0.19377162629757763,0.0,0.0,1.0572737098750158,0.0,0.0,0.0,1.6330412755147814,0.0,0.0,0.0,0.0,0.0,1
0.0,0,0.0,0.4090909090909092,0.43200000000000016,0.0,0.0,0.0,0.0,0.0,0.0,-0.6,0.0,0.0,1.3702422145328714,0.0,0.0,1.744559285237711,0.0,0.0,0.0,1.0597912470116597,0.0,0.0,0.0,0.0,0.0,1
0.0,0,0.0,0.4090909090909092,0.43200000000000016,0.0,0.0,0.0,0.0,0.0,0.0,-0.65,0.0,0.0,1.3287197231833905,0.0,0.0,1.744559285237711,0.0,0.0,0.0,1.0597912470116597,0.0,0.0,0.0,0.0,0.0,1
0.0,0,0.0,-1.0,0.7631304347826087,0.0,0.0,0.0,0.0,0.0,0.0,-0.35,0.0,0.0,1.024221453287197,0.0,0.0,0.3607899282336811,0.0,0.0,0.0,-0.22271233228884113,0.0,0.0,0.0,0.0,0.0,1
0.0,0,0.0,2.0454545454545454,0.8146086956521741,0.0,0.0,0.0,0.0,0.0,0.0,1.55,0.0,0.0,-0.11072664359861599,0.0,0.0,-0.32304790163369523,0.0,0.0,0.0,-0.22271233228884113,0.0,0.0,0.0,0.0,0.0,1
0.0,0,0.0,-0.18181818181818177,0.8146086956521741,0.0,0.0,0.0,0.0,0.0,0.0,-0.05,0.0,0.0,0.9134948096885809,0.0,0.0,-0.32304790163369523,0.0,0.0,0.0,-0.22271233228884113,0.0,0.0,0.0,0.0,0.0,1
0.0,0,0.0,-0.18181818181818177,0.8146086956521741,0.0,0.0,0.0,0.0,0.0,0.0,-0.05,0.0,0.0,0.9134948096885809,0.0,0.0,-0.32304790163369523,0.0,0.0,0.0,-0.22271233228884113,0.0,0.0,0.0,0.0,0.0,1
0.0,1,0.0,1.636363636363636,0.8146086956521741,0.0,0.0,0.0,0.0,0.0,0.0,1.45,0.0,0.0,0.24913494809688586,0.0,0.0,-0.32304790163369523,0.0,0.0,0.0,-0.22271233228884113,0.0,0.0,0.0,0.0,0.0,1
0.0,0,0.0,0.6363636363636365,0.8146086956521741,0.0,0.0,0.0,0.0,0.0,0.0,1.0,0.0,0.0,-0.15224913494809705,0.0,0.0,-0.32304790163369523,0.0,0.0,0.0,-0.22271233228884113,0.0,0.0,0.0,0.0,0.0,1
0.0,0,0.0,-0.5909090909090908,-0.7186086956521738,0.0,0.0,0.0,0.0,0.0,0.0,-0.35,0.0,0.0,1.176470588235294,0.0,0.0,-2.552335597561302,0.0,0.0,0.0,-3.878843565977115,0.0,0.0,0.0,0.0,0.0,1
0.0,0,0.0,-0.5909090909090908,-0.7186086956521738,0.0,0.0,0.0,0.0,0.0,0.0,-0.5,0.0,0.0,1.176470588235294,0.0,0.0,-2.552335597561302,0.0,0.0,0.0,-3.878843565977115,0.0,0.0,0.0,0.0,0.0,1
0.0,0,0.0,0.818181818181818,-0.7186086956521738,0.0,0.0,0.0,0.0,0.0,0.0,1.45,0.0,0.0,0.35986159169550136,0.0,0.0,-2.552335597561302,0.0,0.0,0.0,-3.878843565977115,0.0,0.0,0.0,0.0,0.0,1
0.0,0,0.0,1.2272727272727273,-0.7186086956521738,0.0,0.0,0.0,0.0,0.0,0.0,1.4,0.0,0.0,0.26297577854671256,0.0,0.0,-2.552335597561302,0.0,0.0,0.0,-3.878843565977115,0.0,0.0,0.0,0.0,0.0,1
0.0,0,0.0,0.0,0.5238260869565218,0.0,0.0,0.0,0.0,0.0,0.0,0.0,0.0,0.0,0.8719723183391003,0.0,0.0,0.5835859189412681,0.0,0.0,0.0,1.0236969116744818,0.0,1.0,0.0,0.0,0.0,1
0.0,0,0.0,0.22727272727272727,-1.4657391304347824,0.0,0.0,0.0,0.0,0.0,0.0,-0.55,0.0,0.0,-1.038062283737024,0.0,0.0,-3.2528685507743256,0.0,0.0,0.0,-4.7419527383332944,0.0,0.0,0.0,0.0,0.0,1
